market,symbol,signal_date,weeks_ago,current_rsi,signal_rsi,close,chart,status
US,FRSX,2026-09-14,0,30.2,30.2,1.23,https://www.tradingview.com/chart/?symbol=FRSX,✅ 유지
US,RKDA,2026-09-14,0,28.4,28.4,0.454,https://www.tradingview.com/chart/?symbol=RKDA,✅ 유지
US,RPD,2026-09-14,0,55.2,55.2,11.97,https://www.tradingview.com/chart/?symbol=RPD,✅ 유지
US,ALP,2026-09-07,1,87.4,85.7,4.65,https://www.tradingview.com/chart/?symbol=ALP,✅ 유지
US,AMBR,2026-09-07,1,55.0,34.9,1.97,https://www.tradingview.com/chart/?symbol=AMBR,✅ 유지
US,AVAT,2026-09-07,1,16.3,14.8,1.08,https://www.tradingview.com/chart/?symbol=AVAT,✅ 유지
US,BDRX,2026-09-07,1,25.7,27.1,0.73,https://www.tradingview.com/chart/?symbol=BDRX,✅ 유지
US,BRNX,2026-09-07,1,25.3,25.3,2.53,https://www.tradingview.com/chart/?symbol=BRNX,✅ 유지
US,FRMI,2026-09-07,1,38.1,39.7,4.98,https://www.tradingview.com/chart/?symbol=FRMI,✅ 유지
US,FTFT,2026-09-07,1,32.4,26.4,5.5,https://www.tradingview.com/chart/?symbol=FTFT,✅ 유지
US,INLX,2026-09-07,1,40.7,40.4,5.69,https://www.tradingview.com/chart/?symbol=INLX,✅ 유지
US,LRHC,2026-09-07,1,25.8,25.8,2.56,https://www.tradingview.com/chart/?symbol=LRHC,✅ 유지
US,MSS,2026-09-07,1,24.9,25.6,1.56,https://www.tradingview.com/chart/?symbol=MSS,✅ 유지
US,PLUT,2026-09-07,1,31.2,38.2,2.45,https://www.tradingview.com/chart/?symbol=PLUT,✅ 유지
US,SOJE,2026-09-07,1,41.5,38.8,16.24,https://www.tradingview.com/chart/?symbol=SOJE,✅ 유지
US,TGL,2026-09-07,1,30.7,31.9,2.255,https://www.tradingview.com/chart/?symbol=TGL,✅ 유지
US,TNON,2026-09-07,1,30.8,32.9,4.08,https://www.tradingview.com/chart/?symbol=TNON,✅ 유지
US,TRUG,2026-09-07,1,23.8,24.2,0.498,https://www.tradingview.com/chart/?symbol=TRUG,✅ 유지
US,UCAR,2026-09-07,1,54.1,56.1,4.62,https://www.tradingview.com/chart/?symbol=UCAR,✅ 유지
US,BIAF,2026-08-31,2,39.7,43.7,9.43,https://www.tradingview.com/chart/?symbol=BIAF,✅ 유지
US,CCB,2026-08-31,2,32.9,35.3,45.97,https://www.tradingview.com/chart/?symbol=CCB,✅ 유지
US,GGR,2026-08-31,2,41.0,36.6,2.82,https://www.tradingview.com/chart/?symbol=GGR,✅ 유지
US,GIPR,2026-08-31,2,35.6,32.6,0.718,https://www.tradingview.com/chart/?symbol=GIPR,✅ 유지
US,HPAI,2026-08-31,2,22.1,24.2,0.295,https://www.tradingview.com/chart/?symbol=HPAI,✅ 유지
US,HTZ,2026-08-31,2,33.1,36.6,1.82,https://www.tradingview.com/chart/?symbol=HTZ,✅ 유지
US,ICMB,2026-08-31,2,32.0,31.5,0.883,https://www.tradingview.com/chart/?symbol=ICMB,✅ 유지
US,MTR,2026-08-31,2,27.6,29.6,2.44,https://www.tradingview.com/chart/?symbol=MTR,✅ 유지
US,ONCO,2026-08-31,2,28.5,28.6,0.639,https://www.tradingview.com/chart/?symbol=ONCO,✅ 유지
US,RGC,2026-08-31,2,34.1,35.5,5.79,https://www.tradingview.com/chart/?symbol=RGC,✅ 유지
US,SIGA,2026-08-31,2,34.8,35.3,3.14,https://www.tradingview.com/chart/?symbol=SIGA,✅ 유지
US,TANH,2026-08-31,2,31.0,40.1,13.5,https://www.tradingview.com/chart/?symbol=TANH,✅ 유지
US,TTD,2026-08-31,2,30.4,31.3,13.92,https://www.tradingview.com/chart/?symbol=TTD,✅ 유지
US,VERI,2026-08-31,2,36.9,31.4,1.1,https://www.tradingview.com/chart/?symbol=VERI,✅ 유지
US,VMAR,2026-08-31,2,20.8,20.8,7.28,https://www.tradingview.com/chart/?symbol=VMAR,✅ 유지
US,ADCT,2026-08-24,3,33.1,31.7,1.05,https://www.tradingview.com/chart/?symbol=ADCT,✅ 유지
US,AEON,2026-08-24,3,34.0,33.8,0.243,https://www.tradingview.com/chart/?symbol=AEON,✅ 유지
US,ALPS,2026-08-24,3,29.1,27.6,0.4,https://www.tradingview.com/chart/?symbol=ALPS,✅ 유지
US,BMRA,2026-08-24,3,62.7,54.8,2.51,https://www.tradingview.com/chart/?symbol=BMRA,✅ 유지
US,BRBI,2026-08-24,3,42.2,33.3,11.1,https://www.tradingview.com/chart/?symbol=BRBI,✅ 유지
US,CFND,2026-08-24,3,40.9,33.5,3.08,https://www.tradingview.com/chart/?symbol=CFND,✅ 유지
US,EBS,2026-08-24,3,45.9,39.4,6.8,https://www.tradingview.com/chart/?symbol=EBS,✅ 유지
US,EMPD,2026-08-24,3,24.3,23.5,3.14,https://www.tradingview.com/chart/?symbol=EMPD,✅ 유지
US,ENGN,2026-08-24,3,34.6,33.1,1.91,https://www.tradingview.com/chart/?symbol=ENGN,✅ 유지
US,FNGR,2026-08-24,3,30.2,37.8,0.142,https://www.tradingview.com/chart/?symbol=FNGR,✅ 유지
US,HERE,2026-08-24,3,33.1,33.6,1.84,https://www.tradingview.com/chart/?symbol=HERE,✅ 유지
US,LZMH,2026-08-24,3,30.4,30.5,1.23,https://www.tradingview.com/chart/?symbol=LZMH,✅ 유지
US,NTRP,2026-08-24,3,43.0,35.4,1.78,https://www.tradingview.com/chart/?symbol=NTRP,✅ 유지
US,PRH,2026-08-24,3,33.5,39.4,21.42,https://www.tradingview.com/chart/?symbol=PRH,✅ 유지
US,UWMC,2026-08-24,3,25.7,28.4,1.25,https://www.tradingview.com/chart/?symbol=UWMC,✅ 유지
US,VITL,2026-08-24,3,42.4,33.9,11.99,https://www.tradingview.com/chart/?symbol=VITL,✅ 유지
US,XPON,2026-08-24,3,40.7,50.9,4.65,https://www.tradingview.com/chart/?symbol=XPON,✅ 유지
US,XTNT,2026-08-24,3,33.4,39.2,0.32,https://www.tradingview.com/chart/?symbol=XTNT,✅ 유지
US,ACTU,2026-08-17,4,33.9,34.1,0.981,https://www.tradingview.com/chart/?symbol=ACTU,✅ 유지
US,ALNY,2026-08-17,4,39.3,35.5,239.56,https://www.tradingview.com/chart/?symbol=ALNY,✅ 유지
US,FEMY,2026-08-17,4,33.1,33.8,2.59,https://www.tradingview.com/chart/?symbol=FEMY,✅ 유지
US,FVRR,2026-08-17,4,32.8,35.2,8.5,https://www.tradingview.com/chart/?symbol=FVRR,✅ 유지
US,GNLN,2026-08-17,4,29.3,29.4,2.37,https://www.tradingview.com/chart/?symbol=GNLN,✅ 유지
US,GNS,2026-08-17,4,30.7,33.1,0.151,https://www.tradingview.com/chart/?symbol=GNS,✅ 유지
US,GRNQ,2026-08-17,4,41.2,41.5,9.98,https://www.tradingview.com/chart/?symbol=GRNQ,✅ 유지
US,KNRX,2026-08-17,4,33.1,38.0,0.316,https://www.tradingview.com/chart/?symbol=KNRX,✅ 유지
US,MODD,2026-08-17,4,33.0,38.0,2.2,https://www.tradingview.com/chart/?symbol=MODD,✅ 유지
US,NAGE,2026-08-17,4,30.4,32.3,2.99,https://www.tradingview.com/chart/?symbol=NAGE,✅ 유지
US,OCG,2026-08-17,4,24.4,24.4,1.49,https://www.tradingview.com/chart/?symbol=OCG,✅ 유지
US,PFSA,2026-08-17,4,10.4,10.4,1.91,https://www.tradingview.com/chart/?symbol=PFSA,✅ 유지
US,PPBT,2026-08-17,4,26.6,25.7,1.44,https://www.tradingview.com/chart/?symbol=PPBT,✅ 유지
US,SKYA,2026-08-17,4,35.6,31.6,1.695,https://www.tradingview.com/chart/?symbol=SKYA,✅ 유지
US,SLI,2026-08-17,4,34.2,38.6,2.12,https://www.tradingview.com/chart/?symbol=SLI,✅ 유지
US,STXS,2026-08-17,4,35.9,36.9,1.33,https://www.tradingview.com/chart/?symbol=STXS,✅ 유지
US,VIOT,2026-08-17,4,59.2,34.0,1.29,https://www.tradingview.com/chart/?symbol=VIOT,✅ 유지
US,AAUC,2026-08-10,5,45.1,44.4,22.91,https://www.tradingview.com/chart/?symbol=AAUC,✅ 유지
US,ABTC,2026-08-10,5,39.9,30.7,10.1,https://www.tradingview.com/chart/?symbol=ABTC,✅ 유지
US,ACI,2026-08-10,5,38.0,36.8,12.35,https://www.tradingview.com/chart/?symbol=ACI,✅ 유지
US,AUUD,2026-08-10,5,31.5,30.7,1.04,https://www.tradingview.com/chart/?symbol=AUUD,✅ 유지
US,AZTR,2026-08-10,5,38.7,31.2,0.174,https://www.tradingview.com/chart/?symbol=AZTR,✅ 유지
US,CAN,2026-08-10,5,47.9,34.3,0.373,https://www.tradingview.com/chart/?symbol=CAN,✅ 유지
US,CANG,2026-08-10,5,39.7,32.7,2.67,https://www.tradingview.com/chart/?symbol=CANG,✅ 유지
US,CDTG,2026-08-10,5,34.2,35.6,1.24,https://www.tradingview.com/chart/?symbol=CDTG,✅ 유지
US,CMND,2026-08-10,5,22.2,22.8,0.799,https://www.tradingview.com/chart/?symbol=CMND,✅ 유지
US,CURX,2026-08-10,5,31.4,29.8,4.4,https://www.tradingview.com/chart/?symbol=CURX,✅ 유지
US,DAAQ,2026-08-10,5,54.6,54.2,10.45,https://www.tradingview.com/chart/?symbol=DAAQ,✅ 유지
US,DRMA,2026-08-10,5,38.2,45.6,1.16,https://www.tradingview.com/chart/?symbol=DRMA,✅ 유지
US,FLUT,2026-08-10,5,33.1,38.9,89.56,https://www.tradingview.com/chart/?symbol=FLUT,✅ 유지
US,HDRN,2026-08-10,5,16.2,15.3,1.72,https://www.tradingview.com/chart/?symbol=HDRN,✅ 유지
US,IMXI,2026-08-10,5,34.4,51.2,12.07,https://www.tradingview.com/chart/?symbol=IMXI,✅ 유지
US,MDXH,2026-08-10,5,32.9,35.8,0.63,https://www.tradingview.com/chart/?symbol=MDXH,✅ 유지
US,MTEN,2026-08-10,5,28.1,28.1,1.03,https://www.tradingview.com/chart/?symbol=MTEN,✅ 유지
US,NWGL,2026-08-10,5,68.1,39.6,1.31,https://www.tradingview.com/chart/?symbol=NWGL,✅ 유지
US,NXGL,2026-08-10,5,30.1,39.6,0.266,https://www.tradingview.com/chart/?symbol=NXGL,✅ 유지
US,NYXH,2026-08-10,5,32.3,34.0,1.48,https://www.tradingview.com/chart/?symbol=NYXH,✅ 유지
US,OIO,2026-08-10,5,28.2,24.7,1.96,https://www.tradingview.com/chart/?symbol=OIO,✅ 유지
US,ORIO,2026-08-10,5,55.3,45.5,1.04,https://www.tradingview.com/chart/?symbol=ORIO,✅ 유지
US,PMEC,2026-08-10,5,48.1,36.0,0.61,https://www.tradingview.com/chart/?symbol=PMEC,✅ 유지
US,RMCF,2026-08-10,5,33.2,40.5,0.88,https://www.tradingview.com/chart/?symbol=RMCF,✅ 유지
US,RPT,2026-08-10,5,37.6,49.2,11.39,https://www.tradingview.com/chart/?symbol=RPT,✅ 유지
US,SCKT,2026-08-10,5,42.8,63.5,0.52,https://www.tradingview.com/chart/?symbol=SCKT,✅ 유지
US,TDS,2026-08-10,5,44.5,38.6,35.9,https://www.tradingview.com/chart/?symbol=TDS,✅ 유지
US,TMS,2026-08-10,5,48.4,50.6,8.13,https://www.tradingview.com/chart/?symbol=TMS,✅ 유지
US,XXI,2026-08-10,5,43.9,34.1,5.81,https://www.tradingview.com/chart/?symbol=XXI,✅ 유지
US,ZTS,2026-08-10,5,30.1,29.1,71.4,https://www.tradingview.com/chart/?symbol=ZTS,✅ 유지
US,ADGM,2026-08-03,6,37.6,43.7,0.483,https://www.tradingview.com/chart/?symbol=ADGM,✅ 유지
US,AMIX,2026-08-03,6,38.9,51.8,4.21,https://www.tradingview.com/chart/?symbol=AMIX,✅ 유지
US,ATOS,2026-08-03,6,32.3,32.2,2.22,https://www.tradingview.com/chart/?symbol=ATOS,✅ 유지
US,AVX,2026-08-03,6,30.5,28.4,3.89,https://www.tradingview.com/chart/?symbol=AVX,✅ 유지
US,CELZ,2026-08-03,6,37.8,44.1,0.9659,https://www.tradingview.com/chart/?symbol=CELZ,✅ 유지
US,CETX,2026-08-03,6,24.1,24.1,2.03,https://www.tradingview.com/chart/?symbol=CETX,✅ 유지
US,CLGN,2026-08-03,6,44.9,33.2,4.56,https://www.tradingview.com/chart/?symbol=CLGN,✅ 유지
US,CMCM,2026-08-03,6,34.3,32.1,2.86,https://www.tradingview.com/chart/?symbol=CMCM,✅ 유지
US,CMPX,2026-08-03,6,35.2,37.2,1.9,https://www.tradingview.com/chart/?symbol=CMPX,✅ 유지
US,CRMT,2026-08-03,6,25.5,28.1,1.74,https://www.tradingview.com/chart/?symbol=CRMT,✅ 유지
US,CSAI,2026-08-03,6,26.3,29.8,3.23,https://www.tradingview.com/chart/?symbol=CSAI,✅ 유지
US,DOGZ,2026-08-03,6,30.8,29.3,0.89,https://www.tradingview.com/chart/?symbol=DOGZ,✅ 유지
US,DQ,2026-08-03,6,34.4,39.9,12.07,https://www.tradingview.com/chart/?symbol=DQ,✅ 유지
US,DUO,2026-08-03,6,37.1,32.9,0.544,https://www.tradingview.com/chart/?symbol=DUO,✅ 유지
US,EJH,2026-08-03,6,25.9,25.7,1.28,https://www.tradingview.com/chart/?symbol=EJH,✅ 유지
US,EZRA,2026-08-03,6,31.4,29.2,2.62,https://www.tradingview.com/chart/?symbol=EZRA,✅ 유지
US,FLD,2026-08-03,6,32.3,26.8,0.574,https://www.tradingview.com/chart/?symbol=FLD,✅ 유지
US,GAUZ,2026-08-03,6,32.3,35.2,6.18,https://www.tradingview.com/chart/?symbol=GAUZ,✅ 유지
US,GLOO,2026-08-03,6,50.5,34.4,4.88,https://www.tradingview.com/chart/?symbol=GLOO,✅ 유지
US,GOVX,2026-08-03,6,31.2,33.4,0.357,https://www.tradingview.com/chart/?symbol=GOVX,✅ 유지
US,HTCR,2026-08-03,6,31.5,36.6,1.995,https://www.tradingview.com/chart/?symbol=HTCR,✅ 유지
US,HYFM,2026-08-03,6,46.2,60.4,0.95,https://www.tradingview.com/chart/?symbol=HYFM,✅ 유지
US,ISRG,2026-08-03,6,45.5,38.8,393.33,https://www.tradingview.com/chart/?symbol=ISRG,✅ 유지
US,KAPA,2026-08-03,6,33.3,39.9,1.73,https://www.tradingview.com/chart/?symbol=KAPA,✅ 유지
US,KITT,2026-08-03,6,23.6,24.9,3.834,https://www.tradingview.com/chart/?symbol=KITT,✅ 유지
US,MKZR,2026-08-03,6,31.7,34.1,1.37,https://www.tradingview.com/chart/?symbol=MKZR,✅ 유지
US,MSTR,2026-08-03,6,56.2,36.9,153.92,https://www.tradingview.com/chart/?symbol=MSTR,✅ 유지
US,NEON,2026-08-03,6,31.6,33.5,0.82,https://www.tradingview.com/chart/?symbol=NEON,✅ 유지
US,NNOX,2026-08-03,6,30.6,34.7,0.734,https://www.tradingview.com/chart/?symbol=NNOX,✅ 유지
US,NSPR,2026-08-03,6,35.8,28.4,0.77,https://www.tradingview.com/chart/?symbol=NSPR,✅ 유지
US,PASW,2026-08-03,6,26.1,21.6,0.138,https://www.tradingview.com/chart/?symbol=PASW,✅ 유지
US,PNNT,2026-08-03,6,39.2,42.4,3.4,https://www.tradingview.com/chart/?symbol=PNNT,✅ 유지
US,PRCT,2026-08-03,6,39.9,40.3,19.3,https://www.tradingview.com/chart/?symbol=PRCT,✅ 유지
US,PSQH,2026-08-03,6,38.8,32.4,5.3,https://www.tradingview.com/chart/?symbol=PSQH,✅ 유지
US,RC,2026-08-03,6,43.2,44.5,1.66,https://www.tradingview.com/chart/?symbol=RC,✅ 유지
US,REFR,2026-08-03,6,48.7,33.9,0.65,https://www.tradingview.com/chart/?symbol=REFR,✅ 유지
US,RVSN,2026-08-03,6,26.8,27.1,3.41,https://www.tradingview.com/chart/?symbol=RVSN,✅ 유지
US,SMPL,2026-08-03,6,36.0,36.8,10.13,https://www.tradingview.com/chart/?symbol=SMPL,✅ 유지
US,SNOA,2026-08-03,6,38.8,41.8,1.28,https://www.tradingview.com/chart/?symbol=SNOA,✅ 유지
US,SRL,2026-08-03,6,36.8,41.3,5.33,https://www.tradingview.com/chart/?symbol=SRL,✅ 유지
US,TOPS,2026-08-03,6,22.2,20.0,0.71,https://www.tradingview.com/chart/?symbol=TOPS,✅ 유지
US,TRAK,2026-08-03,6,40.7,42.0,8.19,https://www.tradingview.com/chart/?symbol=TRAK,✅ 유지
US,VTGN,2026-08-03,6,30.6,31.6,0.24,https://www.tradingview.com/chart/?symbol=VTGN,✅ 유지
US,ARAY,2026-07-27,7,31.1,33.2,0.23,https://www.tradingview.com/chart/?symbol=ARAY,✅ 유지
US,BSX,2026-07-27,7,32.2,30.1,43.34,https://www.tradingview.com/chart/?symbol=BSX,✅ 유지
US,BYRN,2026-07-27,7,33.4,35.4,3.68,https://www.tradingview.com/chart/?symbol=BYRN,✅ 유지
US,CPRT,2026-07-27,7,39.9,34.1,29.28,https://www.tradingview.com/chart/?symbol=CPRT,✅ 유지
US,CSGP,2026-07-27,7,34.1,30.7,29.09,https://www.tradingview.com/chart/?symbol=CSGP,✅ 유지
US,CYCU,2026-07-27,7,32.9,37.4,3.31,https://www.tradingview.com/chart/?symbol=CYCU,✅ 유지
US,DCX,2026-07-27,7,29.1,29.2,0.133,https://www.tradingview.com/chart/?symbol=DCX,✅ 유지
US,DFNS,2026-07-27,7,31.9,33.2,7.66,https://www.tradingview.com/chart/?symbol=DFNS,✅ 유지
US,DMC,2026-07-27,7,43.1,39.3,30.38,https://www.tradingview.com/chart/?symbol=DMC,✅ 유지
US,DOX,2026-07-27,7,46.1,38.4,59.3,https://www.tradingview.com/chart/?symbol=DOX,✅ 유지
US,EMBC,2026-07-27,7,47.0,29.4,5.29,https://www.tradingview.com/chart/?symbol=EMBC,✅ 유지
US,EXOD,2026-07-27,7,44.3,32.1,6.84,https://www.tradingview.com/chart/?symbol=EXOD,✅ 유지
US,FCUV,2026-07-27,7,40.3,41.5,5.11,https://www.tradingview.com/chart/?symbol=FCUV,✅ 유지
US,FENG,2026-07-27,7,34.9,38.5,1.45,https://www.tradingview.com/chart/?symbol=FENG,✅ 유지
US,GFUZ,2026-07-27,7,42.4,51.4,7.95,https://www.tradingview.com/chart/?symbol=GFUZ,✅ 유지
US,GLIBA,2026-07-27,7,40.2,36.5,24.12,https://www.tradingview.com/chart/?symbol=GLIBA,✅ 유지
US,GLIBK,2026-07-27,7,40.6,36.4,23.79,https://www.tradingview.com/chart/?symbol=GLIBK,✅ 유지
US,GOSS,2026-07-27,7,28.2,28.1,10.73,https://www.tradingview.com/chart/?symbol=GOSS,✅ 유지
US,GTM,2026-07-27,7,41.0,33.0,3.82,https://www.tradingview.com/chart/?symbol=GTM,✅ 유지
US,LI,2026-07-27,7,37.1,39.2,12.14,https://www.tradingview.com/chart/?symbol=LI,✅ 유지
US,MF,2026-07-27,7,43.7,34.9,13.13,https://www.tradingview.com/chart/?symbol=MF,✅ 유지
US,NCRA,2026-07-27,7,30.5,28.1,1.98,https://www.tradingview.com/chart/?symbol=NCRA,✅ 유지
US,NCTY,2026-07-27,7,41.5,42.1,3.96,https://www.tradingview.com/chart/?symbol=NCTY,✅ 유지
US,NMAX,2026-07-27,7,56.1,46.2,10.32,https://www.tradingview.com/chart/?symbol=NMAX,✅ 유지
US,NUS,2026-07-27,7,31.8,32.8,4.58,https://www.tradingview.com/chart/?symbol=NUS,✅ 유지
US,OLLI,2026-07-27,7,44.1,38.6,75.84,https://www.tradingview.com/chart/?symbol=OLLI,✅ 유지
US,PAAI,2026-07-27,7,47.4,36.5,1.5,https://www.tradingview.com/chart/?symbol=PAAI,✅ 유지
US,PBM,2026-07-27,7,33.1,29.5,6.625,https://www.tradingview.com/chart/?symbol=PBM,✅ 유지
US,SCM,2026-07-27,7,41.7,34.9,7.9,https://www.tradingview.com/chart/?symbol=SCM,✅ 유지
US,SHPH,2026-07-27,7,32.4,32.8,3.21,https://www.tradingview.com/chart/?symbol=SHPH,✅ 유지
US,SINT,2026-07-27,7,40.6,35.5,1.73,https://www.tradingview.com/chart/?symbol=SINT,✅ 유지
US,STKH,2026-07-27,7,34.3,31.7,1.9,https://www.tradingview.com/chart/?symbol=STKH,✅ 유지
US,STN,2026-07-27,7,34.8,34.5,69.05,https://www.tradingview.com/chart/?symbol=STN,✅ 유지
US,TCX,2026-07-27,7,40.3,50.9,10.18,https://www.tradingview.com/chart/?symbol=TCX,✅ 유지
US,TLRY,2026-07-27,7,33.4,36.6,3.99,https://www.tradingview.com/chart/?symbol=TLRY,✅ 유지
US,TVGN,2026-07-27,7,44.6,40.4,7.81,https://www.tradingview.com/chart/?symbol=TVGN,✅ 유지
US,VRRM,2026-07-27,7,19.7,24.0,3.48,https://www.tradingview.com/chart/?symbol=VRRM,✅ 유지
US,AMTM,2026-07-20,8,37.0,42.5,19.6,https://www.tradingview.com/chart/?symbol=AMTM,✅ 유지
US,BUR,2026-07-20,8,31.7,31.4,3.97,https://www.tradingview.com/chart/?symbol=BUR,✅ 유지
US,FUTU,2026-07-20,8,45.8,37.7,112.01,https://www.tradingview.com/chart/?symbol=FUTU,✅ 유지
US,JG,2026-07-20,8,53.7,38.4,6.37,https://www.tradingview.com/chart/?symbol=JG,✅ 유지
US,LDOS,2026-07-20,8,44.7,32.0,127.69,https://www.tradingview.com/chart/?symbol=LDOS,✅ 유지
US,MKTX,2026-07-20,8,59.6,30.6,163.42,https://www.tradingview.com/chart/?symbol=MKTX,✅ 유지
US,MLEC,2026-07-20,8,37.6,40.3,6.1,https://www.tradingview.com/chart/?symbol=MLEC,✅ 유지
US,NIPG,2026-07-20,8,45.5,44.2,13.8,https://www.tradingview.com/chart/?symbol=NIPG,✅ 유지
US,OMH,2026-07-20,8,31.3,40.0,2.39,https://www.tradingview.com/chart/?symbol=OMH,✅ 유지
US,SY,2026-07-20,8,58.8,42.2,2.75,https://www.tradingview.com/chart/?symbol=SY,✅ 유지
US,TCOM,2026-07-20,8,36.2,35.1,40.68,https://www.tradingview.com/chart/?symbol=TCOM,✅ 유지
US,TIGR,2026-07-20,8,39.1,35.0,4.73,https://www.tradingview.com/chart/?symbol=TIGR,✅ 유지
US,ZJYL,2026-07-20,8,40.3,35.4,1.99,https://www.tradingview.com/chart/?symbol=ZJYL,✅ 유지
US,ACN,2026-07-13,9,50.3,34.9,181.29,https://www.tradingview.com/chart/?symbol=ACN,✅ 유지
US,ALLR,2026-07-13,9,31.2,29.0,1.21,https://www.tradingview.com/chart/?symbol=ALLR,✅ 유지
US,APVO,2026-07-13,9,22.7,23.6,1.84,https://www.tradingview.com/chart/?symbol=APVO,✅ 유지
US,BIOX,2026-07-13,9,34.3,27.9,0.36,https://www.tradingview.com/chart/?symbol=BIOX,✅ 유지
US,CENN,2026-07-13,9,41.8,27.9,4.65,https://www.tradingview.com/chart/?symbol=CENN,✅ 유지
US,CTSH,2026-07-13,9,53.9,36.1,59.87,https://www.tradingview.com/chart/?symbol=CTSH,✅ 유지
US,GIBO,2026-07-13,9,21.4,20.7,33.43,https://www.tradingview.com/chart/?symbol=GIBO,✅ 유지
US,GLOB,2026-07-13,9,40.9,33.8,35.59,https://www.tradingview.com/chart/?symbol=GLOB,✅ 유지
US,INTU,2026-07-13,9,38.6,33.0,303.19,https://www.tradingview.com/chart/?symbol=INTU,✅ 유지
US,KUST,2026-07-13,9,23.4,23.5,0.67,https://www.tradingview.com/chart/?symbol=KUST,✅ 유지
US,LBGJ,2026-07-13,9,27.1,28.6,1.94,https://www.tradingview.com/chart/?symbol=LBGJ,✅ 유지
US,MRT,2026-07-13,9,50.7,38.7,1.98,https://www.tradingview.com/chart/?symbol=MRT,✅ 유지
US,NIU,2026-07-13,9,39.3,46.9,2.07,https://www.tradingview.com/chart/?symbol=NIU,✅ 유지
US,NWTG,2026-07-13,9,44.4,40.0,1.17,https://www.tradingview.com/chart/?symbol=NWTG,✅ 유지
US,NXTC,2026-07-13,9,48.0,46.0,6.12,https://www.tradingview.com/chart/?symbol=NXTC,✅ 유지
US,RWAY,2026-07-13,9,57.3,35.9,6.69,https://www.tradingview.com/chart/?symbol=RWAY,✅ 유지
US,SLND,2026-07-13,9,35.9,43.1,0.583,https://www.tradingview.com/chart/?symbol=SLND,✅ 유지
US,TRNR,2026-07-13,9,21.0,20.9,3.0,https://www.tradingview.com/chart/?symbol=TRNR,✅ 유지
US,VEEE,2026-07-13,9,42.4,62.4,8.58,https://www.tradingview.com/chart/?symbol=VEEE,✅ 유지
US,XPEV,2026-07-13,9,31.9,38.0,10.62,https://www.tradingview.com/chart/?symbol=XPEV,✅ 유지
US,BABA,2026-07-06,10,44.2,42.0,113.24,https://www.tradingview.com/chart/?symbol=BABA,✅ 유지
US,CVM,2026-07-06,10,42.0,34.0,1.66,https://www.tradingview.com/chart/?symbol=CVM,✅ 유지
US,EVGN,2026-07-06,10,39.3,32.6,0.5,https://www.tradingview.com/chart/?symbol=EVGN,✅ 유지
US,HUIZ,2026-07-06,10,46.0,37.8,1.42,https://www.tradingview.com/chart/?symbol=HUIZ,✅ 유지
US,HURN,2026-07-06,10,61.5,40.8,158.33,https://www.tradingview.com/chart/?symbol=HURN,✅ 유지
US,ICE,2026-07-06,10,53.3,37.7,155.47,https://www.tradingview.com/chart/?symbol=ICE,✅ 유지
US,INGR,2026-07-06,10,37.6,34.2,97.33,https://www.tradingview.com/chart/?symbol=INGR,✅ 유지
US,JSPR,2026-07-06,10,40.3,35.8,0.618,https://www.tradingview.com/chart/?symbol=JSPR,✅ 유지
US,LUCY,2026-07-06,10,49.7,48.3,0.95,https://www.tradingview.com/chart/?symbol=LUCY,✅ 유지
US,NKLR,2026-07-06,10,34.0,36.9,3.98,https://www.tradingview.com/chart/?symbol=NKLR,✅ 유지
US,OXSQ,2026-07-06,10,41.0,48.0,1.27,https://www.tradingview.com/chart/?symbol=OXSQ,✅ 유지
US,PEW,2026-07-06,10,35.0,45.8,2.15,https://www.tradingview.com/chart/?symbol=PEW,✅ 유지
US,SOHU,2026-07-06,10,37.7,36.6,12.57,https://www.tradingview.com/chart/?symbol=SOHU,✅ 유지
US,TMUSI,2026-07-06,10,35.0,39.4,19.8,https://www.tradingview.com/chart/?symbol=TMUSI,✅ 유지
US,TVRD,2026-07-06,10,34.8,42.2,1.63,https://www.tradingview.com/chart/?symbol=TVRD,✅ 유지
US,ZKH,2026-07-06,10,50.8,46.7,2.94,https://www.tradingview.com/chart/?symbol=ZKH,✅ 유지
US,SXTC,2026-06-30,11,28.9,29.8,2.38,https://www.tradingview.com/chart/?symbol=SXTC,✅ 유지
US,ADBE,2026-06-29,11,47.6,38.5,248.92,https://www.tradingview.com/chart/?symbol=ADBE,✅ 유지
US,BCIC,2026-06-29,11,39.4,33.7,7.03,https://www.tradingview.com/chart/?symbol=BCIC,✅ 유지
US,BR,2026-06-29,11,48.3,34.8,163.13,https://www.tradingview.com/chart/?symbol=BR,✅ 유지
US,CHTR,2026-06-29,11,36.0,33.9,128.17,https://www.tradingview.com/chart/?symbol=CHTR,✅ 유지
US,COSM,2026-06-29,11,52.7,36.9,0.318,https://www.tradingview.com/chart/?symbol=COSM,✅ 유지
US,DAVA,2026-06-29,11,34.2,31.7,2.78,https://www.tradingview.com/chart/?symbol=DAVA,✅ 유지
US,ELAB,2026-06-29,11,17.4,17.5,4.78,https://www.tradingview.com/chart/?symbol=ELAB,✅ 유지
US,EPAM,2026-06-29,11,49.8,32.5,114.0,https://www.tradingview.com/chart/?symbol=EPAM,✅ 유지
US,FIS,2026-06-29,11,31.2,38.2,35.62,https://www.tradingview.com/chart/?symbol=FIS,✅ 유지
US,FISV,2026-06-29,11,33.2,35.5,47.19,https://www.tradingview.com/chart/?symbol=FISV,✅ 유지
US,HCA,2026-06-29,11,52.0,43.8,427.71,https://www.tradingview.com/chart/?symbol=HCA,✅ 유지
US,HCM,2026-06-29,11,55.7,39.7,13.67,https://www.tradingview.com/chart/?symbol=HCM,✅ 유지
US,LGCL,2026-06-29,11,30.2,38.8,3.06,https://www.tradingview.com/chart/?symbol=LGCL,✅ 유지
US,LHAI,2026-06-29,11,43.1,42.4,1.21,https://www.tradingview.com/chart/?symbol=LHAI,✅ 유지
US,LHSW,2026-06-29,11,34.5,30.6,0.43,https://www.tradingview.com/chart/?symbol=LHSW,✅ 유지
US,MH,2026-06-29,11,53.0,37.1,12.86,https://www.tradingview.com/chart/?symbol=MH,✅ 유지
US,OFIX,2026-06-29,11,34.4,37.8,8.71,https://www.tradingview.com/chart/?symbol=OFIX,✅ 유지
US,PDD,2026-06-29,11,38.4,35.5,78.9,https://www.tradingview.com/chart/?symbol=PDD,✅ 유지
US,PETS,2026-06-29,11,34.1,41.0,1.61,https://www.tradingview.com/chart/?symbol=PETS,✅ 유지
US,PTC,2026-06-29,11,46.8,37.4,135.89,https://www.tradingview.com/chart/?symbol=PTC,✅ 유지
US,SEAT,2026-06-29,11,31.4,42.9,3.95,https://www.tradingview.com/chart/?symbol=SEAT,✅ 유지
US,SGA,2026-06-29,11,40.7,36.1,8.6471,https://www.tradingview.com/chart/?symbol=SGA,✅ 유지
US,TRMB,2026-06-29,11,45.6,34.8,57.56,https://www.tradingview.com/chart/?symbol=TRMB,✅ 유지
US,UHS,2026-06-29,11,53.6,40.8,176.69,https://www.tradingview.com/chart/?symbol=UHS,✅ 유지
US,UPB,2026-06-29,11,31.3,35.8,5.34,https://www.tradingview.com/chart/?symbol=UPB,✅ 유지
US,UPWK,2026-06-29,11,37.1,36.6,8.35,https://www.tradingview.com/chart/?symbol=UPWK,✅ 유지
US,XFLT,2026-06-29,11,60.1,44.2,19.23,https://www.tradingview.com/chart/?symbol=XFLT,✅ 유지
US,YOUL,2026-06-29,11,36.3,31.1,0.476,https://www.tradingview.com/chart/?symbol=YOUL,✅ 유지
US,AARD,2026-06-22,12,44.6,39.1,5.38,https://www.tradingview.com/chart/?symbol=AARD,✅ 유지
US,ACM,2026-06-22,12,34.9,32.7,61.99,https://www.tradingview.com/chart/?symbol=ACM,✅ 유지
US,ADMA,2026-06-22,12,41.4,32.4,9.11,https://www.tradingview.com/chart/?symbol=ADMA,✅ 유지
US,AGNT,2026-06-22,12,31.8,39.8,3.79,https://www.tradingview.com/chart/?symbol=AGNT,✅ 유지
US,AORT,2026-06-22,12,35.6,31.8,23.35,https://www.tradingview.com/chart/?symbol=AORT,✅ 유지
US,ARX,2026-06-22,12,62.8,45.3,19.66,https://www.tradingview.com/chart/?symbol=ARX,✅ 유지
US,BLKB,2026-06-22,12,52.4,29.4,42.85,https://www.tradingview.com/chart/?symbol=BLKB,✅ 유지
US,BOXL,2026-06-22,12,38.2,31.6,4.42,https://www.tradingview.com/chart/?symbol=BOXL,✅ 유지
US,BTOC,2026-06-22,12,39.7,33.6,0.28,https://www.tradingview.com/chart/?symbol=BTOC,✅ 유지
US,BTTC,2026-06-22,12,19.1,15.5,0.365,https://www.tradingview.com/chart/?symbol=BTTC,✅ 유지
US,COR,2026-06-22,12,49.2,43.0,308.78,https://www.tradingview.com/chart/?symbol=COR,✅ 유지
US,GDDY,2026-06-22,12,53.0,40.7,97.46,https://www.tradingview.com/chart/?symbol=GDDY,✅ 유지
US,INSP,2026-06-22,12,65.6,37.0,76.78,https://www.tradingview.com/chart/?symbol=INSP,✅ 유지
US,IT,2026-06-22,12,54.9,34.5,185.78,https://www.tradingview.com/chart/?symbol=IT,✅ 유지
US,JRVR,2026-06-22,12,32.3,38.1,3.69,https://www.tradingview.com/chart/?symbol=JRVR,✅ 유지
US,KMPR,2026-06-22,12,38.3,34.2,26.48,https://www.tradingview.com/chart/?symbol=KMPR,✅ 유지
US,LCID,2026-06-22,12,32.7,32.9,4.09,https://www.tradingview.com/chart/?symbol=LCID,✅ 유지
US,LITS,2026-06-22,12,50.8,36.1,1.13,https://www.tradingview.com/chart/?symbol=LITS,✅ 유지
US,LULU,2026-06-22,12,31.8,35.3,98.06,https://www.tradingview.com/chart/?symbol=LULU,✅ 유지
US,MGN,2026-06-22,12,31.6,33.6,3.905,https://www.tradingview.com/chart/?symbol=MGN,✅ 유지
US,MLCI,2026-06-22,12,39.9,43.1,3.15,https://www.tradingview.com/chart/?symbol=MLCI,✅ 유지
US,MNDO,2026-06-22,12,47.9,43.4,1.03,https://www.tradingview.com/chart/?symbol=MNDO,✅ 유지
US,MZTI,2026-06-22,12,32.5,35.7,99.92,https://www.tradingview.com/chart/?symbol=MZTI,✅ 유지
US,NABL,2026-06-22,12,44.5,36.4,3.84,https://www.tradingview.com/chart/?symbol=NABL,✅ 유지
US,PBH,2026-06-22,12,34.3,36.8,44.97,https://www.tradingview.com/chart/?symbol=PBH,✅ 유지
US,PPC,2026-06-22,12,44.5,34.2,29.85,https://www.tradingview.com/chart/?symbol=PPC,✅ 유지
US,RMD,2026-06-22,12,52.8,38.6,224.99,https://www.tradingview.com/chart/?symbol=RMD,✅ 유지
US,SANG,2026-06-22,12,34.0,37.9,3.45,https://www.tradingview.com/chart/?symbol=SANG,✅ 유지
US,TYL,2026-06-22,12,48.8,32.4,337.5,https://www.tradingview.com/chart/?symbol=TYL,✅ 유지
US,VRDN,2026-06-22,12,52.4,42.0,22.0,https://www.tradingview.com/chart/?symbol=VRDN,✅ 유지
US,AKBA,2026-06-15,13,38.7,35.5,0.916,https://www.tradingview.com/chart/?symbol=AKBA,✅ 유지
US,ATEC,2026-06-15,13,49.4,35.8,10.18,https://www.tradingview.com/chart/?symbol=ATEC,✅ 유지
US,BRBR,2026-06-15,13,32.9,27.2,8.98,https://www.tradingview.com/chart/?symbol=BRBR,✅ 유지
US,CANF,2026-06-15,13,32.8,29.5,2.24,https://www.tradingview.com/chart/?symbol=CANF,✅ 유지
US,CRVO,2026-06-15,13,36.1,47.1,2.43,https://www.tradingview.com/chart/?symbol=CRVO,✅ 유지
US,EHGO,2026-06-15,13,34.4,31.8,0.892,https://www.tradingview.com/chart/?symbol=EHGO,✅ 유지
US,GOTU,2026-06-15,13,57.3,32.2,2.16,https://www.tradingview.com/chart/?symbol=GOTU,✅ 유지
US,JTAI,2026-06-15,13,28.1,22.1,1.375,https://www.tradingview.com/chart/?symbol=JTAI,✅ 유지
US,LGHL,2026-06-15,13,25.5,27.6,7.9,https://www.tradingview.com/chart/?symbol=LGHL,✅ 유지
US,MCRB,2026-06-15,13,32.3,34.2,4.0,https://www.tradingview.com/chart/?symbol=MCRB,✅ 유지
US,OPCH,2026-06-15,13,49.8,37.0,24.3,https://www.tradingview.com/chart/?symbol=OPCH,✅ 유지
US,PARA,2026-06-15,13,23.1,24.6,0.93,https://www.tradingview.com/chart/?symbol=PARA,✅ 유지
US,PLNT,2026-06-15,13,33.7,28.7,49.49,https://www.tradingview.com/chart/?symbol=PLNT,✅ 유지
US,REAX,2026-06-15,13,40.6,31.5,16.53,https://www.tradingview.com/chart/?symbol=REAX,✅ 유지
US,TKLF,2026-06-15,13,34.6,36.1,1.74,https://www.tradingview.com/chart/?symbol=TKLF,✅ 유지
US,TMDX,2026-06-15,13,48.3,39.3,86.42,https://www.tradingview.com/chart/?symbol=TMDX,✅ 유지
US,VLOS,2026-06-15,13,48.5,52.3,10.69,https://www.tradingview.com/chart/?symbol=VLOS,✅ 유지
US,VNT,2026-06-15,13,45.1,37.3,31.36,https://www.tradingview.com/chart/?symbol=VNT,✅ 유지
US,WKSP,2026-06-15,13,32.0,33.6,0.42,https://www.tradingview.com/chart/?symbol=WKSP,✅ 유지
US,ALDX,2026-06-08,14,34.3,34.9,1.36,https://www.tradingview.com/chart/?symbol=ALDX,✅ 유지
US,ALLE,2026-06-08,14,52.5,38.4,152.28,https://www.tradingview.com/chart/?symbol=ALLE,✅ 유지
US,AOS,2026-06-08,14,39.7,38.4,56.95,https://www.tradingview.com/chart/?symbol=AOS,✅ 유지
US,BGM,2026-06-08,14,24.0,22.2,0.251,https://www.tradingview.com/chart/?symbol=BGM,✅ 유지
US,BRCB,2026-06-08,14,36.4,32.1,7.19,https://www.tradingview.com/chart/?symbol=BRCB,✅ 유지
US,DHY,2026-06-08,14,36.5,36.2,1.66,https://www.tradingview.com/chart/?symbol=DHY,✅ 유지
US,DPZ,2026-06-08,14,36.5,37.1,294.2,https://www.tradingview.com/chart/?symbol=DPZ,✅ 유지
US,DSS,2026-06-08,14,51.7,37.0,0.701,https://www.tradingview.com/chart/?symbol=DSS,✅ 유지
US,DSY,2026-06-08,14,43.8,47.0,3.5,https://www.tradingview.com/chart/?symbol=DSY,✅ 유지
US,EYE,2026-06-08,14,39.3,38.0,16.875,https://www.tradingview.com/chart/?symbol=EYE,✅ 유지
US,GELS,2026-06-08,14,45.6,59.2,0.562,https://www.tradingview.com/chart/?symbol=GELS,✅ 유지
US,GIS,2026-06-08,14,46.3,33.0,36.32,https://www.tradingview.com/chart/?symbol=GIS,✅ 유지
US,HDB,2026-06-08,14,36.2,32.8,23.16,https://www.tradingview.com/chart/?symbol=HDB,✅ 유지
US,HSDT,2026-06-08,14,36.9,27.8,2.76,https://www.tradingview.com/chart/?symbol=HSDT,✅ 유지
US,LNSR,2026-06-08,14,48.0,31.9,7.07,https://www.tradingview.com/chart/?symbol=LNSR,✅ 유지
US,ODD,2026-06-08,14,50.8,30.6,18.11,https://www.tradingview.com/chart/?symbol=ODD,✅ 유지
US,OPRX,2026-06-08,14,48.9,31.0,7.29,https://www.tradingview.com/chart/?symbol=OPRX,✅ 유지
US,RGNT,2026-06-08,14,36.0,17.9,1.81,https://www.tradingview.com/chart/?symbol=RGNT,✅ 유지
US,TGE,2026-06-08,14,34.8,32.1,0.89,https://www.tradingview.com/chart/?symbol=TGE,✅ 유지
US,USPH,2026-06-08,14,62.9,40.2,82.47,https://www.tradingview.com/chart/?symbol=USPH,✅ 유지
US,WHR,2026-06-08,14,31.6,34.7,31.97,https://www.tradingview.com/chart/?symbol=WHR,✅ 유지
US,YB,2026-06-08,14,37.5,42.7,12.4,https://www.tradingview.com/chart/?symbol=YB,✅ 유지
US,ABT,2026-06-01,15,49.3,34.1,102.61,https://www.tradingview.com/chart/?symbol=ABT,✅ 유지
US,BRO,2026-06-01,15,44.2,34.4,65.02,https://www.tradingview.com/chart/?symbol=BRO,✅ 유지
US,CIGI,2026-06-01,15,36.0,35.5,89.61,https://www.tradingview.com/chart/?symbol=CIGI,✅ 유지
US,CINT,2026-06-01,15,37.0,41.9,2.98,https://www.tradingview.com/chart/?symbol=CINT,✅ 유지
US,COO,2026-06-01,15,32.7,44.7,55.29,https://www.tradingview.com/chart/?symbol=COO,✅ 유지
US,DMA,2026-06-01,15,53.2,34.7,7.47,https://www.tradingview.com/chart/?symbol=DMA,✅ 유지
US,ERIE,2026-06-01,15,46.2,37.7,239.05,https://www.tradingview.com/chart/?symbol=ERIE,✅ 유지
US,MDT,2026-06-01,15,58.4,43.0,91.3806,https://www.tradingview.com/chart/?symbol=MDT,✅ 유지
US,OPTU,2026-06-01,15,48.2,42.3,1.08,https://www.tradingview.com/chart/?symbol=OPTU,✅ 유지
US,SDA,2026-06-01,15,30.9,39.2,0.487,https://www.tradingview.com/chart/?symbol=SDA,✅ 유지
US,SDOT,2026-06-01,15,39.0,31.5,11.24,https://www.tradingview.com/chart/?symbol=SDOT,✅ 유지
US,SRAD,2026-06-01,15,34.5,36.2,12.12,https://www.tradingview.com/chart/?symbol=SRAD,✅ 유지
US,XWEL,2026-06-01,15,42.7,58.2,0.9,https://www.tradingview.com/chart/?symbol=XWEL,✅ 유지
US,AIM,2026-05-25,16,31.2,31.2,0.21,https://www.tradingview.com/chart/?symbol=AIM,✅ 유지
US,ANGI,2026-05-25,16,40.6,34.5,5.3,https://www.tradingview.com/chart/?symbol=ANGI,✅ 유지
US,ATHM,2026-05-25,16,52.3,35.2,20.98,https://www.tradingview.com/chart/?symbol=ATHM,✅ 유지
US,BARK,2026-05-25,16,42.3,40.1,8.83,https://www.tradingview.com/chart/?symbol=BARK,✅ 유지
US,BCHT,2026-05-25,16,48.9,35.0,1.76,https://www.tradingview.com/chart/?symbol=BCHT,✅ 유지
US,CELU,2026-05-25,16,56.0,39.0,1.31,https://www.tradingview.com/chart/?symbol=CELU,✅ 유지
US,DHR,2026-05-25,16,56.5,43.6,211.81,https://www.tradingview.com/chart/?symbol=DHR,✅ 유지
US,EFOR,2026-05-25,16,55.0,34.8,32.76,https://www.tradingview.com/chart/?symbol=EFOR,✅ 유지
US,ETD,2026-05-25,16,60.7,41.8,21.41,https://www.tradingview.com/chart/?symbol=ETD,✅ 유지
US,FINW,2026-05-25,16,33.2,39.4,12.53,https://www.tradingview.com/chart/?symbol=FINW,✅ 유지
US,GHG,2026-05-25,16,30.7,39.4,1.03,https://www.tradingview.com/chart/?symbol=GHG,✅ 유지
US,HDSN,2026-05-25,16,37.9,35.1,5.17,https://www.tradingview.com/chart/?symbol=HDSN,✅ 유지
US,IVF,2026-05-25,16,24.4,22.8,0.97,https://www.tradingview.com/chart/?symbol=IVF,✅ 유지
US,NAMM,2026-05-25,16,34.3,28.3,1.4,https://www.tradingview.com/chart/?symbol=NAMM,✅ 유지
US,QGEN,2026-05-25,16,56.5,39.3,43.33,https://www.tradingview.com/chart/?symbol=QGEN,✅ 유지
US,SNGX,2026-05-25,16,37.3,45.5,0.37,https://www.tradingview.com/chart/?symbol=SNGX,✅ 유지
US,SOAR,2026-05-25,16,42.2,31.9,0.2,https://www.tradingview.com/chart/?symbol=SOAR,✅ 유지
US,STG,2026-05-25,16,42.9,61.6,3.0,https://www.tradingview.com/chart/?symbol=STG,✅ 유지
US,TDTH,2026-05-25,16,34.0,32.5,1.7,https://www.tradingview.com/chart/?symbol=TDTH,✅ 유지
US,VCIG,2026-05-25,16,23.6,23.6,1.66,https://www.tradingview.com/chart/?symbol=VCIG,✅ 유지
US,YSG,2026-05-25,16,34.6,40.2,2.49,https://www.tradingview.com/chart/?symbol=YSG,✅ 유지
US,AKTX,2026-05-18,17,46.0,59.4,9.16,https://www.tradingview.com/chart/?symbol=AKTX,✅ 유지
US,AMST,2026-05-18,17,42.5,53.8,1.08,https://www.tradingview.com/chart/?symbol=AMST,✅ 유지
US,BJDX,2026-05-18,17,36.5,32.4,0.92,https://www.tradingview.com/chart/?symbol=BJDX,✅ 유지
US,BL,2026-05-18,17,39.6,32.7,28.14,https://www.tradingview.com/chart/?symbol=BL,✅ 유지
US,BMI,2026-05-18,17,46.8,36.9,132.76,https://www.tradingview.com/chart/?symbol=BMI,✅ 유지
US,CERT,2026-05-18,17,58.7,36.5,8.42,https://www.tradingview.com/chart/?symbol=CERT,✅ 유지
US,CHR,2026-05-18,17,24.7,23.6,1.56,https://www.tradingview.com/chart/?symbol=CHR,✅ 유지
US,CPB,2026-05-18,17,40.3,32.6,20.69,https://www.tradingview.com/chart/?symbol=CPB,✅ 유지
US,CXAI,2026-05-18,17,32.3,35.5,2.48,https://www.tradingview.com/chart/?symbol=CXAI,✅ 유지
US,DOYU,2026-05-18,17,47.1,33.4,4.75,https://www.tradingview.com/chart/?symbol=DOYU,✅ 유지
US,FBGL,2026-05-18,17,40.9,47.6,0.391,https://www.tradingview.com/chart/?symbol=FBGL,✅ 유지
US,FLO,2026-05-18,17,31.3,34.6,5.94,https://www.tradingview.com/chart/?symbol=FLO,✅ 유지
US,GCL,2026-05-18,17,46.7,38.2,0.599,https://www.tradingview.com/chart/?symbol=GCL,✅ 유지
US,GWRS,2026-05-18,17,57.9,38.8,8.5,https://www.tradingview.com/chart/?symbol=GWRS,✅ 유지
US,HCKT,2026-05-18,17,41.4,35.1,10.38,https://www.tradingview.com/chart/?symbol=HCKT,✅ 유지
US,KBR,2026-05-18,17,45.3,38.1,35.54,https://www.tradingview.com/chart/?symbol=KBR,✅ 유지
US,LMRI,2026-05-18,17,46.1,31.6,11.08,https://www.tradingview.com/chart/?symbol=LMRI,✅ 유지
US,LNAI,2026-05-18,17,38.8,31.2,2.33,https://www.tradingview.com/chart/?symbol=LNAI,✅ 유지
US,MREO,2026-05-18,17,40.0,30.4,0.303,https://www.tradingview.com/chart/?symbol=MREO,✅ 유지
US,MTVA,2026-05-18,17,43.1,51.2,1.73,https://www.tradingview.com/chart/?symbol=MTVA,✅ 유지
US,NVR,2026-05-18,17,41.5,37.4,6150.4702,https://www.tradingview.com/chart/?symbol=NVR,✅ 유지
US,OWLT,2026-05-18,17,40.3,38.8,4.74,https://www.tradingview.com/chart/?symbol=OWLT,✅ 유지
US,PSN,2026-05-18,17,37.1,39.7,44.82,https://www.tradingview.com/chart/?symbol=PSN,✅ 유지
US,PULM,2026-05-18,17,38.3,32.8,1.44,https://www.tradingview.com/chart/?symbol=PULM,✅ 유지
US,QDEL,2026-05-18,17,36.5,34.1,10.62,https://www.tradingview.com/chart/?symbol=QDEL,✅ 유지
US,QRHC,2026-05-18,17,49.7,36.7,1.4,https://www.tradingview.com/chart/?symbol=QRHC,✅ 유지
US,RLI,2026-05-18,17,50.6,38.2,59.39,https://www.tradingview.com/chart/?symbol=RLI,✅ 유지
US,ROP,2026-05-18,17,47.7,33.3,372.74,https://www.tradingview.com/chart/?symbol=ROP,✅ 유지
US,SLXN,2026-05-18,17,23.0,27.0,0.436,https://www.tradingview.com/chart/?symbol=SLXN,✅ 유지
US,SYK,2026-05-18,17,33.1,42.1,275.12,https://www.tradingview.com/chart/?symbol=SYK,✅ 유지
US,WIT,2026-05-18,17,34.5,34.6,1.66,https://www.tradingview.com/chart/?symbol=WIT,✅ 유지
US,WK,2026-05-18,17,59.9,33.9,73.18,https://www.tradingview.com/chart/?symbol=WK,✅ 유지
US,WW,2026-05-18,17,49.0,39.1,16.1,https://www.tradingview.com/chart/?symbol=WW,✅ 유지
US,YEXT,2026-05-18,17,56.7,30.6,6.14,https://www.tradingview.com/chart/?symbol=YEXT,✅ 유지
US,ASBP,2026-05-11,18,56.6,45.2,8.54,https://www.tradingview.com/chart/?symbol=ASBP,✅ 유지
US,BESS,2026-05-11,18,41.8,40.1,2.7,https://www.tradingview.com/chart/?symbol=BESS,✅ 유지
US,BON,2026-05-11,18,40.7,33.0,1.192,https://www.tradingview.com/chart/?symbol=BON,✅ 유지
US,CHKP,2026-05-11,18,45.2,32.0,132.71,https://www.tradingview.com/chart/?symbol=CHKP,✅ 유지
US,CNF,2026-05-11,18,30.4,42.0,1.88,https://www.tradingview.com/chart/?symbol=CNF,✅ 유지
US,CPHI,2026-05-11,18,44.2,53.7,0.71,https://www.tradingview.com/chart/?symbol=CPHI,✅ 유지
US,DWTX,2026-05-11,18,42.0,35.9,1.69,https://www.tradingview.com/chart/?symbol=DWTX,✅ 유지
US,DXF,2026-05-11,18,37.1,41.7,0.5,https://www.tradingview.com/chart/?symbol=DXF,✅ 유지
US,FTLF,2026-05-11,18,36.8,36.5,9.32,https://www.tradingview.com/chart/?symbol=FTLF,✅ 유지
US,GPUS,2026-05-11,18,31.9,30.0,0.18,https://www.tradingview.com/chart/?symbol=GPUS,✅ 유지
US,GRAN,2026-05-11,18,40.5,32.9,1.03,https://www.tradingview.com/chart/?symbol=GRAN,✅ 유지
US,HDL,2026-05-11,18,34.6,42.3,11.61,https://www.tradingview.com/chart/?symbol=HDL,✅ 유지
US,MRNO,2026-05-11,18,40.7,35.8,0.345,https://www.tradingview.com/chart/?symbol=MRNO,✅ 유지
US,NOMD,2026-05-11,18,44.4,37.1,10.66,https://www.tradingview.com/chart/?symbol=NOMD,✅ 유지
US,SMX,2026-05-11,18,27.4,27.3,17.01,https://www.tradingview.com/chart/?symbol=SMX,✅ 유지
US,CNET,2026-05-04,19,58.3,35.0,1.39,https://www.tradingview.com/chart/?symbol=CNET,✅ 유지
US,CODX,2026-05-04,19,38.1,38.9,0.946,https://www.tradingview.com/chart/?symbol=CODX,✅ 유지
US,ERNA,2026-05-04,19,34.4,31.9,3.83,https://www.tradingview.com/chart/?symbol=ERNA,✅ 유지
US,FLGT,2026-05-04,19,57.8,39.6,21.69,https://www.tradingview.com/chart/?symbol=FLGT,✅ 유지
US,HHH,2026-05-04,19,36.2,40.6,60.22,https://www.tradingview.com/chart/?symbol=HHH,✅ 유지
US,KROS,2026-05-04,19,46.5,39.2,11.19,https://www.tradingview.com/chart/?symbol=KROS,✅ 유지
US,MASK,2026-05-04,19,31.8,34.3,0.929,https://www.tradingview.com/chart/?symbol=MASK,✅ 유지
US,MNKD,2026-05-04,19,44.7,45.2,3.54,https://www.tradingview.com/chart/?symbol=MNKD,✅ 유지
US,MYPS,2026-05-04,19,43.0,33.7,0.472,https://www.tradingview.com/chart/?symbol=MYPS,✅ 유지
US,RYAN,2026-05-04,19,49.4,29.6,40.27,https://www.tradingview.com/chart/?symbol=RYAN,✅ 유지
US,SKK,2026-05-04,19,48.3,65.8,4.08,https://www.tradingview.com/chart/?symbol=SKK,✅ 유지
US,UPLD,2026-05-04,19,36.8,44.9,3.67,https://www.tradingview.com/chart/?symbol=UPLD,✅ 유지
US,YQ,2026-05-04,19,64.9,44.5,3.76,https://www.tradingview.com/chart/?symbol=YQ,✅ 유지
US,AIOS,2026-04-27,20,44.1,41.8,14.14,https://www.tradingview.com/chart/?symbol=AIOS,✅ 유지
US,ALZN,2026-04-27,20,62.9,32.7,1.89,https://www.tradingview.com/chart/?symbol=ALZN,✅ 유지
US,AMS,2026-04-27,20,42.4,42.7,1.42,https://www.tradingview.com/chart/?symbol=AMS,✅ 유지
US,APWC,2026-04-27,20,42.3,45.8,1.34,https://www.tradingview.com/chart/?symbol=APWC,✅ 유지
US,DRCT,2026-04-27,20,27.9,29.9,1.64,https://www.tradingview.com/chart/?symbol=DRCT,✅ 유지
US,FTRE,2026-04-27,20,63.2,53.1,19.93,https://www.tradingview.com/chart/?symbol=FTRE,✅ 유지
US,HRZN,2026-04-27,20,53.2,33.8,4.67,https://www.tradingview.com/chart/?symbol=HRZN,✅ 유지
US,ISD,2026-04-27,20,34.1,48.7,11.93,https://www.tradingview.com/chart/?symbol=ISD,✅ 유지
US,SVC,2026-04-27,20,31.8,40.3,6.48,https://www.tradingview.com/chart/?symbol=SVC,✅ 유지
US,UK,2026-04-27,20,33.0,35.7,1.986,https://www.tradingview.com/chart/?symbol=UK,✅ 유지
US,UONE,2026-04-27,20,33.5,41.1,4.24,https://www.tradingview.com/chart/?symbol=UONE,✅ 유지
US,WKHS,2026-04-27,20,37.9,33.7,2.86,https://www.tradingview.com/chart/?symbol=WKHS,✅ 유지
US,YMAT,2026-04-27,20,41.2,24.4,1.36,https://www.tradingview.com/chart/?symbol=YMAT,✅ 유지
US,AFRI,2026-04-20,21,60.3,60.0,11.15,https://www.tradingview.com/chart/?symbol=AFRI,✅ 유지
US,ASAN,2026-04-20,21,56.2,31.7,9.51,https://www.tradingview.com/chart/?symbol=ASAN,✅ 유지
US,AVD,2026-04-20,21,38.7,40.3,2.17,https://www.tradingview.com/chart/?symbol=AVD,✅ 유지
US,INCR,2026-04-20,21,53.1,40.6,5.31,https://www.tradingview.com/chart/?symbol=INCR,✅ 유지
US,IVDA,2026-04-20,21,44.7,32.3,0.32,https://www.tradingview.com/chart/?symbol=IVDA,✅ 유지
US,JELD,2026-04-20,21,47.0,35.8,1.76,https://www.tradingview.com/chart/?symbol=JELD,✅ 유지
US,NSRX,2026-04-20,21,46.9,36.5,3.53,https://www.tradingview.com/chart/?symbol=NSRX,✅ 유지
US,NXXT,2026-04-20,21,66.5,33.7,1.14,https://www.tradingview.com/chart/?symbol=NXXT,✅ 유지
US,QH,2026-04-20,21,44.6,26.5,3.9,https://www.tradingview.com/chart/?symbol=QH,✅ 유지
US,SAIL,2026-04-20,21,58.2,36.2,19.83,https://www.tradingview.com/chart/?symbol=SAIL,✅ 유지
US,STUB,2026-04-20,21,34.2,34.0,5.92,https://www.tradingview.com/chart/?symbol=STUB,✅ 유지
US,ZVIA,2026-04-20,21,46.6,34.8,1.42,https://www.tradingview.com/chart/?symbol=ZVIA,✅ 유지
US,ACVA,2026-04-13,22,68.2,34.5,10.48,https://www.tradingview.com/chart/?symbol=ACVA,✅ 유지
US,ADT,2026-04-13,22,45.5,46.0,6.9,https://www.tradingview.com/chart/?symbol=ADT,✅ 유지
US,AGYS,2026-04-13,22,50.6,31.6,100.13,https://www.tradingview.com/chart/?symbol=AGYS,✅ 유지
US,AIOT,2026-04-13,22,38.6,39.6,2.88,https://www.tradingview.com/chart/?symbol=AIOT,✅ 유지
US,ALIT,2026-04-13,22,37.1,22.8,11.77,https://www.tradingview.com/chart/?symbol=ALIT,✅ 유지
US,ANGX,2026-04-13,22,59.9,29.9,5.27,https://www.tradingview.com/chart/?symbol=ANGX,✅ 유지
US,APO,2026-04-13,22,48.7,50.7,125.91,https://www.tradingview.com/chart/?symbol=APO,✅ 유지
US,APPF,2026-04-13,22,58.3,33.9,214.63,https://www.tradingview.com/chart/?symbol=APPF,✅ 유지
US,ARES,2026-04-13,22,46.4,41.8,123.8,https://www.tradingview.com/chart/?symbol=ARES,✅ 유지
US,AVPT,2026-04-13,22,55.9,37.9,13.19,https://www.tradingview.com/chart/?symbol=AVPT,✅ 유지
US,AWRE,2026-04-13,22,43.4,37.6,1.22,https://www.tradingview.com/chart/?symbol=AWRE,✅ 유지
US,AXTA,2026-04-13,22,46.9,48.8,32.2,https://www.tradingview.com/chart/?symbol=AXTA,✅ 유지
US,BBNX,2026-04-13,22,62.0,42.1,21.89,https://www.tradingview.com/chart/?symbol=BBNX,✅ 유지
US,BLRX,2026-04-13,22,39.6,34.9,2.49,https://www.tradingview.com/chart/?symbol=BLRX,✅ 유지
US,BLW,2026-04-13,22,41.5,45.5,11.97,https://www.tradingview.com/chart/?symbol=BLW,✅ 유지
US,BULL,2026-04-13,22,53.5,44.2,8.25,https://www.tradingview.com/chart/?symbol=BULL,✅ 유지
US,BXP,2026-04-13,22,46.3,44.8,63.17,https://www.tradingview.com/chart/?symbol=BXP,✅ 유지
US,BZ,2026-04-13,22,45.6,33.8,14.8,https://www.tradingview.com/chart/?symbol=BZ,✅ 유지
US,CION,2026-04-13,22,54.0,45.7,7.13,https://www.tradingview.com/chart/?symbol=CION,✅ 유지
US,CNEY,2026-04-13,22,43.7,32.7,0.55,https://www.tradingview.com/chart/?symbol=CNEY,✅ 유지
US,CNSP,2026-04-13,22,39.1,29.6,5.11,https://www.tradingview.com/chart/?symbol=CNSP,✅ 유지
US,CPZ,2026-04-13,22,45.3,46.7,12.79,https://www.tradingview.com/chart/?symbol=CPZ,✅ 유지
US,DASH,2026-04-13,22,49.7,47.4,192.94,https://www.tradingview.com/chart/?symbol=DASH,✅ 유지
US,DCBO,2026-04-13,22,56.5,37.3,23.09,https://www.tradingview.com/chart/?symbol=DCBO,✅ 유지
US,DCGO,2026-04-13,22,33.0,34.4,0.359,https://www.tradingview.com/chart/?symbol=DCGO,✅ 유지
US,DEO,2026-04-13,22,48.0,44.0,85.59,https://www.tradingview.com/chart/?symbol=DEO,✅ 유지
US,DUOL,2026-04-13,22,52.3,27.6,141.9,https://www.tradingview.com/chart/?symbol=DUOL,✅ 유지
US,EVER,2026-04-13,22,52.0,36.5,23.14,https://www.tradingview.com/chart/?symbol=EVER,✅ 유지
US,EVEX,2026-04-13,22,36.8,40.3,2.04,https://www.tradingview.com/chart/?symbol=EVEX,✅ 유지
US,EVGO,2026-04-13,22,39.9,38.8,1.52,https://www.tradingview.com/chart/?symbol=EVGO,✅ 유지
US,EVH,2026-04-13,22,43.9,35.1,3.69,https://www.tradingview.com/chart/?symbol=EVH,✅ 유지
US,FICO,2026-04-13,22,38.7,36.2,949.68,https://www.tradingview.com/chart/?symbol=FICO,✅ 유지
US,FND,2026-04-13,22,39.7,39.3,47.28,https://www.tradingview.com/chart/?symbol=FND,✅ 유지
US,FNF,2026-04-13,22,33.4,46.5,42.5,https://www.tradingview.com/chart/?symbol=FNF,✅ 유지
US,GDYN,2026-04-13,22,54.9,36.0,7.59,https://www.tradingview.com/chart/?symbol=GDYN,✅ 유지
US,GECC,2026-04-13,22,48.5,33.5,5.45,https://www.tradingview.com/chart/?symbol=GECC,✅ 유지
US,GEN,2026-04-13,22,59.4,36.5,29.01,https://www.tradingview.com/chart/?symbol=GEN,✅ 유지
US,GPC,2026-04-13,22,55.0,45.2,128.08,https://www.tradingview.com/chart/?symbol=GPC,✅ 유지
US,GSUN,2026-04-13,22,36.3,31.1,0.24,https://www.tradingview.com/chart/?symbol=GSUN,✅ 유지
US,HCAT,2026-04-13,22,48.9,36.6,1.79,https://www.tradingview.com/chart/?symbol=HCAT,✅ 유지
US,HTLM,2026-04-13,22,50.3,37.4,1.97,https://www.tradingview.com/chart/?symbol=HTLM,✅ 유지
US,HUBS,2026-04-13,22,45.1,35.8,216.12,https://www.tradingview.com/chart/?symbol=HUBS,✅ 유지
US,HWCPZ,2026-04-13,22,48.4,48.7,21.62,https://www.tradingview.com/chart/?symbol=HWCPZ,✅ 유지
US,III,2026-04-13,22,62.7,42.0,5.19,https://www.tradingview.com/chart/?symbol=III,✅ 유지
US,IMA,2026-04-13,22,37.3,39.9,4.89,https://www.tradingview.com/chart/?symbol=IMA,✅ 유지
US,INFY,2026-04-13,22,37.6,43.0,10.82,https://www.tradingview.com/chart/?symbol=INFY,✅ 유지
US,IQ,2026-04-13,22,40.5,39.4,1.01,https://www.tradingview.com/chart/?symbol=IQ,✅ 유지
US,IRTC,2026-04-13,22,41.3,39.0,109.33,https://www.tradingview.com/chart/?symbol=IRTC,✅ 유지
US,JBGS,2026-04-13,22,33.0,45.9,11.23,https://www.tradingview.com/chart/?symbol=JBGS,✅ 유지
US,KD,2026-04-13,22,39.8,34.3,12.07,https://www.tradingview.com/chart/?symbol=KD,✅ 유지
US,KKR,2026-04-13,22,45.9,46.1,98.81,https://www.tradingview.com/chart/?symbol=KKR,✅ 유지
US,KRC,2026-04-13,22,44.7,45.0,34.23,https://www.tradingview.com/chart/?symbol=KRC,✅ 유지
US,LFCR,2026-04-13,22,42.3,41.7,4.46,https://www.tradingview.com/chart/?symbol=LFCR,✅ 유지
US,LZ,2026-04-13,22,43.8,39.6,5.91,https://www.tradingview.com/chart/?symbol=LZ,✅ 유지
US,MATH,2026-04-13,22,46.6,38.7,1.01,https://www.tradingview.com/chart/?symbol=MATH,✅ 유지
US,MMYT,2026-04-13,22,41.8,38.9,47.92,https://www.tradingview.com/chart/?symbol=MMYT,✅ 유지
US,MNDY,2026-04-13,22,46.2,27.5,85.13,https://www.tradingview.com/chart/?symbol=MNDY,✅ 유지
US,MSFT,2026-04-13,22,61.0,48.3,493.78,https://www.tradingview.com/chart/?symbol=MSFT,✅ 유지
US,NAVI,2026-04-13,22,57.1,38.6,9.51,https://www.tradingview.com/chart/?symbol=NAVI,✅ 유지
US,NOW,2026-04-13,22,57.8,35.5,135.47,https://www.tradingview.com/chart/?symbol=NOW,✅ 유지
US,OCCI,2026-04-13,22,38.7,31.8,2.34,https://www.tradingview.com/chart/?symbol=OCCI,✅ 유지
US,ORCL,2026-04-13,22,45.5,49.3,147.61,https://www.tradingview.com/chart/?symbol=ORCL,✅ 유지
US,OSG,2026-04-13,22,38.2,36.6,4.5,https://www.tradingview.com/chart/?symbol=OSG,✅ 유지
US,OTEX,2026-04-13,22,44.2,38.7,22.58,https://www.tradingview.com/chart/?symbol=OTEX,✅ 유지
US,OWL,2026-04-13,22,44.8,35.7,9.84,https://www.tradingview.com/chart/?symbol=OWL,✅ 유지
US,PAR,2026-04-13,22,39.9,29.6,15.25,https://www.tradingview.com/chart/?symbol=PAR,✅ 유지
US,PCF,2026-04-13,22,46.3,45.3,5.2725,https://www.tradingview.com/chart/?symbol=PCF,✅ 유지
US,PCTY,2026-04-13,22,57.8,33.1,143.73,https://www.tradingview.com/chart/?symbol=PCTY,✅ 유지
US,PD,2026-04-13,22,68.1,29.5,14.0,https://www.tradingview.com/chart/?symbol=PD,✅ 유지
US,PGY,2026-04-13,22,56.1,43.5,20.42,https://www.tradingview.com/chart/?symbol=PGY,✅ 유지
US,PRGS,2026-04-13,22,53.1,38.6,40.11,https://www.tradingview.com/chart/?symbol=PRGS,✅ 유지
US,QTWO,2026-04-13,22,52.5,40.7,58.73,https://www.tradingview.com/chart/?symbol=QTWO,✅ 유지
US,RECT,2026-04-13,22,51.0,39.8,1.345,https://www.tradingview.com/chart/?symbol=RECT,✅ 유지
US,REXR,2026-04-13,22,57.7,50.2,38.39,https://www.tradingview.com/chart/?symbol=REXR,✅ 유지
US,RKTO,2026-04-13,22,47.1,40.3,0.79,https://www.tradingview.com/chart/?symbol=RKTO,✅ 유지
US,ROOT,2026-04-13,22,40.5,40.9,49.84,https://www.tradingview.com/chart/?symbol=ROOT,✅ 유지
US,RPC,2026-04-13,22,42.5,39.8,7.87,https://www.tradingview.com/chart/?symbol=RPC,✅ 유지
US,SAP,2026-04-13,22,57.9,35.1,209.45,https://www.tradingview.com/chart/?symbol=SAP,✅ 유지
US,SLQT,2026-04-13,22,34.4,34.6,0.467,https://www.tradingview.com/chart/?symbol=SLQT,✅ 유지
US,SNAL,2026-04-13,22,41.4,53.2,2.58,https://www.tradingview.com/chart/?symbol=SNAL,✅ 유지
US,SOFI,2026-04-13,22,44.5,45.3,16.96,https://www.tradingview.com/chart/?symbol=SOFI,✅ 유지
US,SPRC,2026-04-13,22,39.0,31.2,4.51,https://www.tradingview.com/chart/?symbol=SPRC,✅ 유지
US,SPSC,2026-04-13,22,59.1,33.7,79.74,https://www.tradingview.com/chart/?symbol=SPSC,✅ 유지
US,SPT,2026-04-13,22,56.6,26.1,10.17,https://www.tradingview.com/chart/?symbol=SPT,✅ 유지
US,SSNC,2026-04-13,22,58.7,42.4,79.93,https://www.tradingview.com/chart/?symbol=SSNC,✅ 유지
US,STEP,2026-04-13,22,46.2,49.1,46.31,https://www.tradingview.com/chart/?symbol=STEP,✅ 유지
US,TELA,2026-04-13,22,64.3,35.9,1.25,https://www.tradingview.com/chart/?symbol=TELA,✅ 유지
US,TPG,2026-04-13,22,49.4,41.6,46.47,https://www.tradingview.com/chart/?symbol=TPG,✅ 유지
US,TRUP,2026-04-13,22,44.2,40.7,25.07,https://www.tradingview.com/chart/?symbol=TRUP,✅ 유지
US,UPST,2026-04-13,22,37.7,45.4,25.0,https://www.tradingview.com/chart/?symbol=UPST,✅ 유지
US,VERX,2026-04-13,22,42.3,32.8,11.96,https://www.tradingview.com/chart/?symbol=VERX,✅ 유지
US,VLT,2026-04-13,22,33.4,49.9,9.43,https://www.tradingview.com/chart/?symbol=VLT,✅ 유지
US,VRAX,2026-04-13,22,38.5,33.0,2.54,https://www.tradingview.com/chart/?symbol=VRAX,✅ 유지
US,VRSK,2026-04-13,22,42.3,36.7,175.41,https://www.tradingview.com/chart/?symbol=VRSK,✅ 유지
US,VYX,2026-04-13,22,40.5,32.4,6.74,https://www.tradingview.com/chart/?symbol=VYX,✅ 유지
US,WAY,2026-04-13,22,54.3,43.2,25.66,https://www.tradingview.com/chart/?symbol=WAY,✅ 유지
US,WDAY,2026-04-13,22,60.8,32.3,193.87,https://www.tradingview.com/chart/?symbol=WDAY,✅ 유지
US,XRX,2026-04-13,22,59.6,38.9,3.42,https://www.tradingview.com/chart/?symbol=XRX,✅ 유지
US,YMM,2026-04-13,22,40.3,40.0,8.13,https://www.tradingview.com/chart/?symbol=YMM,✅ 유지
US,ZS,2026-04-13,22,59.6,31.3,197.31,https://www.tradingview.com/chart/?symbol=ZS,✅ 유지
US,ABVC,2026-04-06,23,47.2,40.3,1.16,https://www.tradingview.com/chart/?symbol=ABVC,✅ 유지
US,AIXI,2026-04-06,23,40.5,63.7,2.09,https://www.tradingview.com/chart/?symbol=AIXI,✅ 유지
US,ARDC,2026-04-06,23,42.2,38.7,11.897,https://www.tradingview.com/chart/?symbol=ARDC,✅ 유지
US,AVK,2026-04-06,23,48.4,53.5,12.06,https://www.tradingview.com/chart/?symbol=AVK,✅ 유지
US,BGH,2026-04-06,23,47.7,42.3,13.658,https://www.tradingview.com/chart/?symbol=BGH,✅ 유지
US,BSL,2026-04-06,23,60.2,39.8,12.956,https://www.tradingview.com/chart/?symbol=BSL,✅ 유지
US,BTZ,2026-04-06,23,42.7,52.3,9.65,https://www.tradingview.com/chart/?symbol=BTZ,✅ 유지
US,BX,2026-04-06,23,46.6,35.9,124.96,https://www.tradingview.com/chart/?symbol=BX,✅ 유지
US,CARS,2026-04-06,23,49.6,45.1,11.14,https://www.tradingview.com/chart/?symbol=CARS,✅ 유지
US,CCIF,2026-04-06,23,33.3,28.3,2.49,https://www.tradingview.com/chart/?symbol=CCIF,✅ 유지
US,CCTG,2026-04-06,23,34.3,27.6,0.516,https://www.tradingview.com/chart/?symbol=CCTG,✅ 유지
US,CHPT,2026-04-06,23,64.8,32.0,10.32,https://www.tradingview.com/chart/?symbol=CHPT,✅ 유지
US,CIK,2026-04-06,23,38.8,39.7,2.38,https://www.tradingview.com/chart/?symbol=CIK,✅ 유지
US,COTY,2026-04-06,23,45.2,31.0,2.43,https://www.tradingview.com/chart/?symbol=COTY,✅ 유지
US,CULP,2026-04-06,23,55.4,35.7,3.63,https://www.tradingview.com/chart/?symbol=CULP,✅ 유지
US,DIS,2026-04-06,23,49.6,40.9,102.67,https://www.tradingview.com/chart/?symbol=DIS,✅ 유지
US,DORM,2026-04-06,23,44.5,39.6,122.44,https://www.tradingview.com/chart/?symbol=DORM,✅ 유지
US,DSU,2026-04-06,23,41.1,50.6,9.12,https://www.tradingview.com/chart/?symbol=DSU,✅ 유지
US,EBON,2026-04-06,23,46.3,33.2,2.16,https://www.tradingview.com/chart/?symbol=EBON,✅ 유지
US,EFR,2026-04-06,23,48.3,43.3,10.35,https://www.tradingview.com/chart/?symbol=EFR,✅ 유지
US,EIC,2026-04-06,23,39.2,37.1,9.67,https://www.tradingview.com/chart/?symbol=EIC,✅ 유지
US,ETJ,2026-04-06,23,52.8,47.2,8.29,https://www.tradingview.com/chart/?symbol=ETJ,✅ 유지
US,ETY,2026-04-06,23,46.4,45.1,14.01,https://www.tradingview.com/chart/?symbol=ETY,✅ 유지
US,EVF,2026-04-06,23,43.9,40.0,4.85,https://www.tradingview.com/chart/?symbol=EVF,✅ 유지
US,EVV,2026-04-06,23,37.2,47.8,8.68,https://www.tradingview.com/chart/?symbol=EVV,✅ 유지
US,FOA,2026-04-06,23,31.6,44.0,14.01,https://www.tradingview.com/chart/?symbol=FOA,✅ 유지
US,FOUR,2026-04-06,23,40.4,33.7,38.98,https://www.tradingview.com/chart/?symbol=FOUR,✅ 유지
US,FSV,2026-04-06,23,39.0,41.9,129.11,https://www.tradingview.com/chart/?symbol=FSV,✅ 유지
US,GBFH,2026-04-06,23,30.6,39.8,18.92,https://www.tradingview.com/chart/?symbol=GBFH,✅ 유지
US,HCWB,2026-04-06,23,39.7,30.2,1.87,https://www.tradingview.com/chart/?symbol=HCWB,✅ 유지
US,HLI,2026-04-06,23,39.6,40.2,130.55,https://www.tradingview.com/chart/?symbol=HLI,✅ 유지
US,HTT,2026-04-06,23,45.2,36.2,2.53,https://www.tradingview.com/chart/?symbol=HTT,✅ 유지
US,IBN,2026-04-06,23,45.7,43.0,28.15,https://www.tradingview.com/chart/?symbol=IBN,✅ 유지
US,IFN,2026-04-06,23,40.9,36.9,10.92,https://www.tradingview.com/chart/?symbol=IFN,✅ 유지
US,IHT,2026-04-06,23,48.3,40.3,1.42,https://www.tradingview.com/chart/?symbol=IHT,✅ 유지
US,IIF,2026-04-06,23,43.6,42.9,22.06,https://www.tradingview.com/chart/?symbol=IIF,✅ 유지
US,INM,2026-04-06,23,49.7,31.8,1.36,https://www.tradingview.com/chart/?symbol=INM,✅ 유지
US,IPHA,2026-04-06,23,51.9,39.5,1.9,https://www.tradingview.com/chart/?symbol=IPHA,✅ 유지
US,IPST,2026-04-06,23,34.6,31.2,2.76,https://www.tradingview.com/chart/?symbol=IPST,✅ 유지
US,JBI,2026-04-06,23,33.6,35.6,4.3,https://www.tradingview.com/chart/?symbol=JBI,✅ 유지
US,JEF,2026-04-06,23,42.9,42.2,47.9,https://www.tradingview.com/chart/?symbol=JEF,✅ 유지
US,KKRT,2026-04-06,23,40.3,48.1,22.84,https://www.tradingview.com/chart/?symbol=KKRT,✅ 유지
US,KREF,2026-04-06,23,44.6,37.7,6.79,https://www.tradingview.com/chart/?symbol=KREF,✅ 유지
US,LTRN,2026-04-06,23,32.6,39.1,1.55,https://www.tradingview.com/chart/?symbol=LTRN,✅ 유지
US,MHLA,2026-04-06,23,37.1,41.0,9.46,https://www.tradingview.com/chart/?symbol=MHLA,✅ 유지
US,MIST,2026-04-06,23,35.5,54.9,0.916,https://www.tradingview.com/chart/?symbol=MIST,✅ 유지
US,NCEL,2026-04-06,23,41.1,31.2,3.15,https://www.tradingview.com/chart/?symbol=NCEL,✅ 유지
US,NCMI,2026-04-06,23,31.5,38.3,2.17,https://www.tradingview.com/chart/?symbol=NCMI,✅ 유지
US,OGEN,2026-04-06,23,33.3,32.5,0.48,https://www.tradingview.com/chart/?symbol=OGEN,✅ 유지
US,PCN,2026-04-06,23,38.5,47.1,11.11,https://www.tradingview.com/chart/?symbol=PCN,✅ 유지
US,PDM,2026-04-06,23,52.2,42.3,9.13,https://www.tradingview.com/chart/?symbol=PDM,✅ 유지
US,PFN,2026-04-06,23,38.2,50.8,6.48,https://www.tradingview.com/chart/?symbol=PFN,✅ 유지
US,PJT,2026-04-06,23,42.2,46.1,151.47,https://www.tradingview.com/chart/?symbol=PJT,✅ 유지
US,PSBD,2026-04-06,23,50.4,37.2,9.9489,https://www.tradingview.com/chart/?symbol=PSBD,✅ 유지
US,RDAC,2026-04-06,23,45.5,42.6,5.64,https://www.tradingview.com/chart/?symbol=RDAC,✅ 유지
US,RNW,2026-04-06,23,63.0,34.1,6.84,https://www.tradingview.com/chart/?symbol=RNW,✅ 유지
US,SE,2026-04-06,23,47.0,32.0,101.79,https://www.tradingview.com/chart/?symbol=SE,✅ 유지
US,SGRY,2026-04-06,23,40.3,37.8,13.25,https://www.tradingview.com/chart/?symbol=SGRY,✅ 유지
US,SKIL,2026-04-06,23,46.4,34.6,6.19,https://www.tradingview.com/chart/?symbol=SKIL,✅ 유지
US,SMTK,2026-04-06,23,30.0,34.3,2.19,https://www.tradingview.com/chart/?symbol=SMTK,✅ 유지
US,TCPC,2026-04-06,23,56.6,33.0,4.0,https://www.tradingview.com/chart/?symbol=TCPC,✅ 유지
US,TDUP,2026-04-06,23,31.5,34.3,2.48,https://www.tradingview.com/chart/?symbol=TDUP,✅ 유지
US,USA,2026-04-06,23,53.7,43.3,5.84,https://www.tradingview.com/chart/?symbol=USA,✅ 유지
US,USNA,2026-04-06,23,35.7,37.2,14.14,https://www.tradingview.com/chart/?symbol=USNA,✅ 유지
US,VRTS,2026-04-06,23,34.1,40.8,125.0,https://www.tradingview.com/chart/?symbol=VRTS,✅ 유지
US,WD,2026-04-06,23,31.4,33.8,37.77,https://www.tradingview.com/chart/?symbol=WD,✅ 유지
US,AEYE,2026-03-30,24,50.0,34.5,7.34,https://www.tradingview.com/chart/?symbol=AEYE,✅ 유지
US,AI,2026-03-30,24,51.1,32.4,10.48,https://www.tradingview.com/chart/?symbol=AI,✅ 유지
US,ALVO,2026-03-30,24,67.2,32.9,5.87,https://www.tradingview.com/chart/?symbol=ALVO,✅ 유지
US,AMC,2026-03-30,24,59.8,29.6,2.7,https://www.tradingview.com/chart/?symbol=AMC,✅ 유지
US,ATCH,2026-03-30,24,39.2,30.7,0.2,https://www.tradingview.com/chart/?symbol=ATCH,✅ 유지
US,BCYC,2026-03-30,24,36.9,38.7,3.65,https://www.tradingview.com/chart/?symbol=BCYC,✅ 유지
US,BETA,2026-03-30,24,50.5,29.0,20.9,https://www.tradingview.com/chart/?symbol=BETA,✅ 유지
US,BGIN,2026-03-30,24,37.3,43.1,1.8,https://www.tradingview.com/chart/?symbol=BGIN,✅ 유지
US,BGX,2026-03-30,24,51.2,38.2,10.6201,https://www.tradingview.com/chart/?symbol=BGX,✅ 유지
US,BLND,2026-03-30,24,33.5,39.6,1.19,https://www.tradingview.com/chart/?symbol=BLND,✅ 유지
US,BTMD,2026-03-30,24,37.0,33.8,1.36,https://www.tradingview.com/chart/?symbol=BTMD,✅ 유지
US,BXSL,2026-03-30,24,58.6,42.5,24.84,https://www.tradingview.com/chart/?symbol=BXSL,✅ 유지
US,CHA,2026-03-30,24,53.1,33.2,12.02,https://www.tradingview.com/chart/?symbol=CHA,✅ 유지
US,CMMB,2026-03-30,24,61.0,31.7,2.61,https://www.tradingview.com/chart/?symbol=CMMB,✅ 유지
US,CMRC,2026-03-30,24,55.4,34.2,3.33,https://www.tradingview.com/chart/?symbol=CMRC,✅ 유지
US,CNDT,2026-03-30,24,49.2,37.0,1.61,https://www.tradingview.com/chart/?symbol=CNDT,✅ 유지
US,CNNE,2026-03-30,24,54.5,31.9,14.96,https://www.tradingview.com/chart/?symbol=CNNE,✅ 유지
US,COE,2026-03-30,24,34.5,39.7,11.82,https://www.tradingview.com/chart/?symbol=COE,✅ 유지
US,COUR,2026-03-30,24,40.2,35.9,5.04,https://www.tradingview.com/chart/?symbol=COUR,✅ 유지
US,CWST,2026-03-30,24,47.0,43.3,89.07,https://www.tradingview.com/chart/?symbol=CWST,✅ 유지
US,DBL,2026-03-30,24,42.1,45.0,13.77,https://www.tradingview.com/chart/?symbol=DBL,✅ 유지
US,DEI,2026-03-30,24,38.0,30.3,10.25,https://www.tradingview.com/chart/?symbol=DEI,✅ 유지
US,DOCU,2026-03-30,24,67.5,37.3,69.07,https://www.tradingview.com/chart/?symbol=DOCU,✅ 유지
US,DXLG,2026-03-30,24,44.3,38.0,0.61,https://www.tradingview.com/chart/?symbol=DXLG,✅ 유지
US,ECC,2026-03-30,24,43.0,34.8,3.63,https://www.tradingview.com/chart/?symbol=ECC,✅ 유지
US,EFC,2026-03-30,24,41.3,45.3,12.44,https://www.tradingview.com/chart/?symbol=EFC,✅ 유지
US,EOS,2026-03-30,24,47.6,41.7,21.13,https://www.tradingview.com/chart/?symbol=EOS,✅ 유지
US,EXLS,2026-03-30,24,55.6,34.9,35.15,https://www.tradingview.com/chart/?symbol=EXLS,✅ 유지
US,FDS,2026-03-30,24,55.7,40.2,283.83,https://www.tradingview.com/chart/?symbol=FDS,✅ 유지
US,FGSN,2026-03-30,24,45.4,38.4,20.63,https://www.tradingview.com/chart/?symbol=FGSN,✅ 유지
US,FRA,2026-03-30,24,52.0,38.5,10.67,https://www.tradingview.com/chart/?symbol=FRA,✅ 유지
US,FRPH,2026-03-30,24,37.9,39.8,21.03,https://www.tradingview.com/chart/?symbol=FRPH,✅ 유지
US,GETY,2026-03-30,24,31.1,32.0,0.223,https://www.tradingview.com/chart/?symbol=GETY,✅ 유지
US,GIB,2026-03-30,24,45.2,34.7,69.37,https://www.tradingview.com/chart/?symbol=GIB,✅ 유지
US,GLAD,2026-03-30,24,53.3,38.1,19.16,https://www.tradingview.com/chart/?symbol=GLAD,✅ 유지
US,GPK,2026-03-30,24,38.1,22.6,9.31,https://www.tradingview.com/chart/?symbol=GPK,✅ 유지
US,HAIN,2026-03-30,24,40.9,39.1,0.56,https://www.tradingview.com/chart/?symbol=HAIN,✅ 유지
US,ICLR,2026-03-30,24,55.4,38.4,164.11,https://www.tradingview.com/chart/?symbol=ICLR,✅ 유지
US,ICON,2026-03-30,24,28.5,20.9,1.04,https://www.tradingview.com/chart/?symbol=ICON,✅ 유지
US,INMB,2026-03-30,24,62.0,32.0,2.33,https://www.tradingview.com/chart/?symbol=INMB,✅ 유지
US,JBIO,2026-03-30,24,43.4,48.7,16.94,https://www.tradingview.com/chart/?symbol=JBIO,✅ 유지
US,KLC,2026-03-30,24,33.8,28.4,2.24,https://www.tradingview.com/chart/?symbol=KLC,✅ 유지
US,LAKE,2026-03-30,24,46.8,36.4,10.29,https://www.tradingview.com/chart/?symbol=LAKE,✅ 유지
US,LOCL,2026-03-30,24,44.2,44.0,1.17,https://www.tradingview.com/chart/?symbol=LOCL,✅ 유지
US,LWAY,2026-03-30,24,43.0,48.3,23.9,https://www.tradingview.com/chart/?symbol=LWAY,✅ 유지
US,MBLY,2026-03-30,24,42.2,32.3,8.02,https://www.tradingview.com/chart/?symbol=MBLY,✅ 유지
US,MHNC,2026-03-30,24,38.0,34.7,10.75,https://www.tradingview.com/chart/?symbol=MHNC,✅ 유지
US,MORN,2026-03-30,24,55.5,38.0,203.83,https://www.tradingview.com/chart/?symbol=MORN,✅ 유지
US,MSDL,2026-03-30,24,44.8,36.4,14.63,https://www.tradingview.com/chart/?symbol=MSDL,✅ 유지
US,MXCT,2026-03-30,24,50.5,31.8,1.19,https://www.tradingview.com/chart/?symbol=MXCT,✅ 유지
US,NCNO,2026-03-30,24,56.1,38.7,21.05,https://www.tradingview.com/chart/?symbol=NCNO,✅ 유지
US,NXB,2026-03-30,24,46.5,43.1,2.25,https://www.tradingview.com/chart/?symbol=NXB,✅ 유지
US,OCSL,2026-03-30,24,57.6,42.7,12.41,https://www.tradingview.com/chart/?symbol=OCSL,✅ 유지
US,PCM,2026-03-30,24,32.8,42.9,5.07,https://www.tradingview.com/chart/?symbol=PCM,✅ 유지
US,PDCC,2026-03-30,24,39.7,30.4,8.71,https://www.tradingview.com/chart/?symbol=PDCC,✅ 유지
US,PFLT,2026-03-30,24,40.5,42.2,7.01,https://www.tradingview.com/chart/?symbol=PFLT,✅ 유지
US,PRGO,2026-03-30,24,57.0,33.3,13.56,https://www.tradingview.com/chart/?symbol=PRGO,✅ 유지
US,RCS,2026-03-30,24,37.5,36.2,4.94,https://www.tradingview.com/chart/?symbol=RCS,✅ 유지
US,RITM,2026-03-30,24,45.1,39.7,9.35,https://www.tradingview.com/chart/?symbol=RITM,✅ 유지
US,RZLT,2026-03-30,24,43.9,41.8,3.84,https://www.tradingview.com/chart/?symbol=RZLT,✅ 유지
US,SLM,2026-03-30,24,50.8,38.8,25.1,https://www.tradingview.com/chart/?symbol=SLM,✅ 유지
US,SLSN,2026-03-30,24,39.0,42.0,0.8,https://www.tradingview.com/chart/?symbol=SLSN,✅ 유지
US,SNAP,2026-03-30,24,51.1,34.0,5.53,https://www.tradingview.com/chart/?symbol=SNAP,✅ 유지
US,SPGI,2026-03-30,24,45.7,41.0,405.32,https://www.tradingview.com/chart/?symbol=SPGI,✅ 유지
US,SPMC,2026-03-30,24,41.5,33.3,8.96,https://www.tradingview.com/chart/?symbol=SPMC,✅ 유지
US,THRY,2026-03-30,24,31.4,28.6,1.83,https://www.tradingview.com/chart/?symbol=THRY,✅ 유지
US,TMCI,2026-03-30,24,59.3,28.3,4.49,https://www.tradingview.com/chart/?symbol=TMCI,✅ 유지
US,TSLX,2026-03-30,24,52.0,41.6,17.9,https://www.tradingview.com/chart/?symbol=TSLX,✅ 유지
US,TTGT,2026-03-30,24,44.7,37.8,3.84,https://www.tradingview.com/chart/?symbol=TTGT,✅ 유지
US,VIA,2026-03-30,24,61.9,28.6,27.98,https://www.tradingview.com/chart/?symbol=VIA,✅ 유지
US,WEAV,2026-03-30,24,57.8,35.9,7.29,https://www.tradingview.com/chart/?symbol=WEAV,✅ 유지
US,WMG,2026-03-30,24,49.5,40.3,28.02,https://www.tradingview.com/chart/?symbol=WMG,✅ 유지
US,XYF,2026-03-30,24,46.5,28.0,4.9,https://www.tradingview.com/chart/?symbol=XYF,✅ 유지
US,ZH,2026-03-30,24,50.8,39.1,3.21,https://www.tradingview.com/chart/?symbol=ZH,✅ 유지
US,ARQ,2026-03-23,25,39.3,34.7,2.05,https://www.tradingview.com/chart/?symbol=ARQ,✅ 유지
US,BAFN,2026-03-23,25,67.5,37.3,9.24,https://www.tradingview.com/chart/?symbol=BAFN,✅ 유지
US,BBSI,2026-03-23,25,45.8,35.3,32.8,https://www.tradingview.com/chart/?symbol=BBSI,✅ 유지
US,BZAI,2026-03-23,25,37.8,43.5,0.635,https://www.tradingview.com/chart/?symbol=BZAI,✅ 유지
US,CHWY,2026-03-23,25,41.4,39.6,20.62,https://www.tradingview.com/chart/?symbol=CHWY,✅ 유지
US,FC,2026-03-23,25,38.8,44.6,17.27,https://www.tradingview.com/chart/?symbol=FC,✅ 유지
US,FMC,2026-03-23,25,37.4,40.2,10.09,https://www.tradingview.com/chart/?symbol=FMC,✅ 유지
US,GO,2026-03-23,25,57.7,31.8,11.27,https://www.tradingview.com/chart/?symbol=GO,✅ 유지
US,GPI,2026-03-23,25,36.1,36.2,246.42,https://www.tradingview.com/chart/?symbol=GPI,✅ 유지
US,HCHL,2026-03-23,25,63.1,35.0,3.96,https://www.tradingview.com/chart/?symbol=HCHL,✅ 유지
US,MGRX,2026-03-23,25,48.0,38.8,0.476,https://www.tradingview.com/chart/?symbol=MGRX,✅ 유지
US,OEC,2026-03-23,25,43.2,47.0,5.73,https://www.tradingview.com/chart/?symbol=OEC,✅ 유지
US,OFS,2026-03-23,25,50.5,27.2,3.61,https://www.tradingview.com/chart/?symbol=OFS,✅ 유지
US,PTON,2026-03-23,25,41.1,38.9,4.97,https://www.tradingview.com/chart/?symbol=PTON,✅ 유지
US,SST,2026-03-23,25,53.7,44.1,3.33,https://www.tradingview.com/chart/?symbol=SST,✅ 유지
US,TRIP,2026-03-23,25,34.6,36.1,8.84,https://www.tradingview.com/chart/?symbol=TRIP,✅ 유지
US,BNGO,2026-03-16,26,66.7,31.5,1.73,https://www.tradingview.com/chart/?symbol=BNGO,✅ 유지
US,BRAG,2026-03-16,26,41.3,45.6,1.475,https://www.tradingview.com/chart/?symbol=BRAG,✅ 유지
US,CCEL,2026-03-16,26,59.8,32.4,4.4,https://www.tradingview.com/chart/?symbol=CCEL,✅ 유지
US,CPNG,2026-03-16,26,34.5,33.7,14.29,https://www.tradingview.com/chart/?symbol=CPNG,✅ 유지
US,ENSC,2026-03-16,26,47.4,34.0,0.458,https://www.tradingview.com/chart/?symbol=ENSC,✅ 유지
US,FG,2026-03-16,26,40.5,37.8,23.1,https://www.tradingview.com/chart/?symbol=FG,✅ 유지
US,GBDC,2026-03-16,26,50.6,43.0,12.54,https://www.tradingview.com/chart/?symbol=GBDC,✅ 유지
US,GENK,2026-03-16,26,40.5,36.4,1.7,https://www.tradingview.com/chart/?symbol=GENK,✅ 유지
US,GIFT,2026-03-16,26,32.9,39.2,0.65,https://www.tradingview.com/chart/?symbol=GIFT,✅ 유지
US,NAAS,2026-03-16,26,46.1,34.4,3.02,https://www.tradingview.com/chart/?symbol=NAAS,✅ 유지
US,NIXX,2026-03-16,26,36.8,41.8,0.3738,https://www.tradingview.com/chart/?symbol=NIXX,✅ 유지
US,NMFC,2026-03-16,26,44.1,37.8,6.99,https://www.tradingview.com/chart/?symbol=NMFC,✅ 유지
US,OXLC,2026-03-16,26,50.3,32.4,9.09,https://www.tradingview.com/chart/?symbol=OXLC,✅ 유지
US,SLE,2026-03-16,26,44.6,31.0,5.1,https://www.tradingview.com/chart/?symbol=SLE,✅ 유지
US,VIVK,2026-03-16,26,27.2,28.5,0.6267,https://www.tradingview.com/chart/?symbol=VIVK,✅ 유지
US,ACXP,2026-03-09,27,38.7,49.8,1.39,https://www.tradingview.com/chart/?symbol=ACXP,✅ 유지
US,DFLI,2026-03-09,27,32.6,40.7,0.917,https://www.tradingview.com/chart/?symbol=DFLI,✅ 유지
US,FSSL,2026-03-09,27,55.4,42.1,11.641,https://www.tradingview.com/chart/?symbol=FSSL,✅ 유지
US,GSIW,2026-03-09,27,35.4,37.3,15.5,https://www.tradingview.com/chart/?symbol=GSIW,✅ 유지
US,HIMS,2026-03-09,27,47.8,41.4,27.99,https://www.tradingview.com/chart/?symbol=HIMS,✅ 유지
US,MFIC,2026-03-09,27,35.0,41.5,9.02,https://www.tradingview.com/chart/?symbol=MFIC,✅ 유지
US,MTNB,2026-03-09,27,31.6,37.8,0.16,https://www.tradingview.com/chart/?symbol=MTNB,✅ 유지
US,NP,2026-03-09,27,49.8,39.3,29.79,https://www.tradingview.com/chart/?symbol=NP,✅ 유지
US,TDOC,2026-03-09,27,44.1,38.9,6.3,https://www.tradingview.com/chart/?symbol=TDOC,✅ 유지
US,TGLS,2026-03-09,27,33.2,37.2,35.77,https://www.tradingview.com/chart/?symbol=TGLS,✅ 유지
US,TWAV,2026-03-09,27,45.4,38.0,1.31,https://www.tradingview.com/chart/?symbol=TWAV,✅ 유지
US,VS,2026-03-09,27,42.2,36.9,1.11,https://www.tradingview.com/chart/?symbol=VS,✅ 유지
US,ADV,2026-03-04,28,49.1,37.4,33.045,https://www.tradingview.com/chart/?symbol=ADV,✅ 유지
US,AIFF,2026-03-02,28,47.1,54.4,1.26,https://www.tradingview.com/chart/?symbol=AIFF,✅ 유지
US,AUDC,2026-03-02,28,57.3,46.2,10.1,https://www.tradingview.com/chart/?symbol=AUDC,✅ 유지
US,BFRG,2026-03-02,28,38.4,34.3,0.464,https://www.tradingview.com/chart/?symbol=BFRG,✅ 유지
US,BKNG,2026-03-02,28,41.9,42.1,167.9,https://www.tradingview.com/chart/?symbol=BKNG,✅ 유지
US,BMBL,2026-03-02,28,42.1,35.0,2.79,https://www.tradingview.com/chart/?symbol=BMBL,✅ 유지
US,BOX,2026-03-02,28,63.5,40.2,33.72,https://www.tradingview.com/chart/?symbol=BOX,✅ 유지
US,BRCC,2026-03-02,28,43.5,32.8,9.36,https://www.tradingview.com/chart/?symbol=BRCC,✅ 유지
US,CRVL,2026-03-02,28,62.7,32.2,70.67,https://www.tradingview.com/chart/?symbol=CRVL,✅ 유지
US,CURV,2026-03-02,28,56.5,38.4,2.3,https://www.tradingview.com/chart/?symbol=CURV,✅ 유지
US,DKNG,2026-03-02,28,39.0,35.6,21.75,https://www.tradingview.com/chart/?symbol=DKNG,✅ 유지
US,DSGX,2026-03-02,28,51.6,36.0,77.3,https://www.tradingview.com/chart/?symbol=DSGX,✅ 유지
US,DT,2026-03-02,28,68.1,42.6,55.14,https://www.tradingview.com/chart/?symbol=DT,✅ 유지
US,EOCN,2026-03-02,28,35.2,35.8,3.37,https://www.tradingview.com/chart/?symbol=EOCN,✅ 유지
US,GEMI,2026-03-02,28,46.5,25.1,5.81,https://www.tradingview.com/chart/?symbol=GEMI,✅ 유지
US,GOGO,2026-03-02,28,33.5,39.9,2.43,https://www.tradingview.com/chart/?symbol=GOGO,✅ 유지
US,HOG,2026-03-02,28,53.8,37.2,25.93,https://www.tradingview.com/chart/?symbol=HOG,✅ 유지
US,LFMD,2026-03-02,28,40.2,33.6,3.22,https://www.tradingview.com/chart/?symbol=LFMD,✅ 유지
US,MOBX,2026-03-02,28,36.8,68.0,0.924,https://www.tradingview.com/chart/?symbol=MOBX,✅ 유지
US,NWS,2026-03-02,28,56.3,40.9,32.68,https://www.tradingview.com/chart/?symbol=NWS,✅ 유지
US,PERF,2026-03-02,28,62.1,38.9,1.93,https://www.tradingview.com/chart/?symbol=PERF,✅ 유지
US,PINS,2026-03-02,28,38.1,37.3,18.6,https://www.tradingview.com/chart/?symbol=PINS,✅ 유지
US,STKE,2026-03-02,28,43.6,31.6,1.2,https://www.tradingview.com/chart/?symbol=STKE,✅ 유지
US,TOST,2026-03-02,28,47.4,40.6,29.74,https://www.tradingview.com/chart/?symbol=TOST,✅ 유지
US,WIX,2026-03-02,28,54.8,44.5,78.49,https://www.tradingview.com/chart/?symbol=WIX,✅ 유지
US,WXM,2026-03-02,28,41.7,33.3,3.94,https://www.tradingview.com/chart/?symbol=WXM,✅ 유지
US,YELP,2026-03-02,28,32.7,38.4,19.63,https://www.tradingview.com/chart/?symbol=YELP,✅ 유지
US,ZIP,2026-03-02,28,49.2,41.6,3.7,https://www.tradingview.com/chart/?symbol=ZIP,✅ 유지
US,ADSK,2026-02-23,29,43.8,36.9,216.95,https://www.tradingview.com/chart/?symbol=ADSK,✅ 유지
US,AJG,2026-02-23,29,49.5,37.2,239.48,https://www.tradingview.com/chart/?symbol=AJG,✅ 유지
US,ALRM,2026-02-23,29,55.4,39.6,53.96,https://www.tradingview.com/chart/?symbol=ALRM,✅ 유지
US,BGLC,2026-02-23,29,38.9,37.1,1.57,https://www.tradingview.com/chart/?symbol=BGLC,✅ 유지
US,BSY,2026-02-23,29,45.2,37.5,32.5086,https://www.tradingview.com/chart/?symbol=BSY,✅ 유지
US,BWIN,2026-02-23,29,63.0,45.0,31.93,https://www.tradingview.com/chart/?symbol=BWIN,✅ 유지
US,CCC,2026-02-23,29,52.4,33.5,6.55,https://www.tradingview.com/chart/?symbol=CCC,✅ 유지
US,CLVT,2026-02-23,29,41.3,35.3,1.89,https://www.tradingview.com/chart/?symbol=CLVT,✅ 유지
US,CRBP,2026-02-23,29,39.7,45.4,7.48,https://www.tradingview.com/chart/?symbol=CRBP,✅ 유지
US,FCHL,2026-02-23,29,26.0,27.7,1.05,https://www.tradingview.com/chart/?symbol=FCHL,✅ 유지
US,GSHD,2026-02-23,29,48.0,37.3,54.55,https://www.tradingview.com/chart/?symbol=GSHD,✅ 유지
US,GWRE,2026-02-23,29,46.8,33.6,144.29,https://www.tradingview.com/chart/?symbol=GWRE,✅ 유지
US,HFFG,2026-02-23,29,41.0,45.1,1.6,https://www.tradingview.com/chart/?symbol=HFFG,✅ 유지
US,HSTM,2026-02-23,29,65.7,35.5,29.23,https://www.tradingview.com/chart/?symbol=HSTM,✅ 유지
US,INTS,2026-02-23,29,39.9,41.5,4.11,https://www.tradingview.com/chart/?symbol=INTS,✅ 유지
US,KBSX,2026-02-23,29,48.3,37.3,1.09,https://www.tradingview.com/chart/?symbol=KBSX,✅ 유지
US,NFLX,2026-02-23,29,37.9,48.7,71.79,https://www.tradingview.com/chart/?symbol=NFLX,✅ 유지
US,NWSA,2026-02-23,29,61.3,40.2,29.78,https://www.tradingview.com/chart/?symbol=NWSA,✅ 유지
US,PN,2026-02-23,29,43.2,29.5,2.79,https://www.tradingview.com/chart/?symbol=PN,✅ 유지
US,PRAA,2026-02-23,29,60.3,52.0,21.0,https://www.tradingview.com/chart/?symbol=PRAA,✅ 유지
US,PYPL,2026-02-23,29,50.2,31.7,52.41,https://www.tradingview.com/chart/?symbol=PYPL,✅ 유지
US,RBBN,2026-02-23,29,31.6,32.6,1.72,https://www.tradingview.com/chart/?symbol=RBBN,✅ 유지
US,RELX,2026-02-23,29,45.8,37.4,33.41,https://www.tradingview.com/chart/?symbol=RELX,✅ 유지
US,SABR,2026-02-23,29,60.1,37.4,2.26,https://www.tradingview.com/chart/?symbol=SABR,✅ 유지
US,SFM,2026-02-23,29,38.7,33.9,70.79,https://www.tradingview.com/chart/?symbol=SFM,✅ 유지
US,TRI,2026-02-23,29,46.6,29.1,94.39,https://www.tradingview.com/chart/?symbol=TRI,✅ 유지
US,TZOO,2026-02-23,29,32.2,37.4,5.64,https://www.tradingview.com/chart/?symbol=TZOO,✅ 유지
US,VGAS,2026-02-23,29,44.1,36.8,1.26,https://www.tradingview.com/chart/?symbol=VGAS,✅ 유지
US,VTEX,2026-02-23,29,45.0,40.1,3.64,https://www.tradingview.com/chart/?symbol=VTEX,✅ 유지
US,APRE,2026-02-16,30,47.5,34.0,0.76,https://www.tradingview.com/chart/?symbol=APRE,✅ 유지
US,BLIN,2026-02-16,30,37.9,43.2,0.85,https://www.tradingview.com/chart/?symbol=BLIN,✅ 유지
US,CETY,2026-02-16,30,48.9,33.4,0.995,https://www.tradingview.com/chart/?symbol=CETY,✅ 유지
US,ETOR,2026-02-16,30,35.9,38.2,28.08,https://www.tradingview.com/chart/?symbol=ETOR,✅ 유지
US,FIG,2026-02-16,30,42.4,19.8,22.69,https://www.tradingview.com/chart/?symbol=FIG,✅ 유지
US,FLY,2026-02-16,30,41.5,33.4,20.97,https://www.tradingview.com/chart/?symbol=FLY,✅ 유지
US,GDRX,2026-02-16,30,56.9,37.9,3.38,https://www.tradingview.com/chart/?symbol=GDRX,✅ 유지
US,GFAI,2026-02-16,30,37.0,36.7,0.321,https://www.tradingview.com/chart/?symbol=GFAI,✅ 유지
US,GRND,2026-02-16,30,54.7,37.4,15.4,https://www.tradingview.com/chart/?symbol=GRND,✅ 유지
US,HBNB,2026-02-16,30,37.3,53.7,5.017,https://www.tradingview.com/chart/?symbol=HBNB,✅ 유지
US,INDP,2026-02-16,30,58.8,34.1,3.55,https://www.tradingview.com/chart/?symbol=INDP,✅ 유지
US,KLRS,2026-02-16,30,33.9,63.6,3.2,https://www.tradingview.com/chart/?symbol=KLRS,✅ 유지
US,LPA,2026-02-16,30,47.6,32.0,3.14,https://www.tradingview.com/chart/?symbol=LPA,✅ 유지
US,OLB,2026-02-16,30,31.2,46.5,0.204,https://www.tradingview.com/chart/?symbol=OLB,✅ 유지
US,SG,2026-02-16,30,49.6,35.0,7.22,https://www.tradingview.com/chart/?symbol=SG,✅ 유지
US,SPOT,2026-02-16,30,50.0,38.9,509.45,https://www.tradingview.com/chart/?symbol=SPOT,✅ 유지
US,SRPT,2026-02-16,30,52.3,39.6,20.11,https://www.tradingview.com/chart/?symbol=SRPT,✅ 유지
US,TASK,2026-02-16,30,61.0,35.0,8.12,https://www.tradingview.com/chart/?symbol=TASK,✅ 유지
US,TLX,2026-02-16,30,62.2,38.9,12.59,https://www.tradingview.com/chart/?symbol=TLX,✅ 유지
US,BIVI,2026-02-09,31,47.1,31.4,1.61,https://www.tradingview.com/chart/?symbol=BIVI,✅ 유지
US,BLSH,2026-02-09,31,58.3,32.3,38.34,https://www.tradingview.com/chart/?symbol=BLSH,✅ 유지
US,BRLS,2026-02-09,31,50.1,42.3,1.37,https://www.tradingview.com/chart/?symbol=BRLS,✅ 유지
US,COCH,2026-02-09,31,49.7,35.7,0.714,https://www.tradingview.com/chart/?symbol=COCH,✅ 유지
US,HURA,2026-02-09,31,49.5,44.4,2.1,https://www.tradingview.com/chart/?symbol=HURA,✅ 유지
US,MDIA,2026-02-09,31,68.0,33.9,1.16,https://www.tradingview.com/chart/?symbol=MDIA,✅ 유지
US,MNTN,2026-02-09,31,51.0,34.8,11.29,https://www.tradingview.com/chart/?symbol=MNTN,✅ 유지
US,RACE,2026-02-09,31,56.5,45.6,406.69,https://www.tradingview.com/chart/?symbol=RACE,✅ 유지
US,ACCL,2026-02-02,32,64.6,31.8,2.88,https://www.tradingview.com/chart/?symbol=ACCL,✅ 유지
US,EHC,2026-02-02,32,63.0,45.0,121.75,https://www.tradingview.com/chart/?symbol=EHC,✅ 유지
US,GDTC,2026-02-02,32,47.6,38.7,0.98,https://www.tradingview.com/chart/?symbol=GDTC,✅ 유지
US,HIND,2026-02-02,32,28.7,23.2,2.1,https://www.tradingview.com/chart/?symbol=HIND,✅ 유지
US,OWLS,2026-02-02,32,20.9,6.3,5.5,https://www.tradingview.com/chart/?symbol=OWLS,✅ 유지
US,SUNE,2026-02-02,32,32.7,28.2,2.46,https://www.tradingview.com/chart/?symbol=SUNE,✅ 유지
US,ZLAB,2026-02-02,32,60.7,34.7,25.7,https://www.tradingview.com/chart/?symbol=ZLAB,✅ 유지
US,HPK,2026-01-26,33,59.9,36.1,8.33,https://www.tradingview.com/chart/?symbol=HPK,✅ 유지
US,MRDN,2026-01-26,33,56.8,35.9,14.02,https://www.tradingview.com/chart/?symbol=MRDN,✅ 유지
US,ONEG,2026-01-26,33,42.9,51.4,1.02,https://www.tradingview.com/chart/?symbol=ONEG,✅ 유지
US,CALM,2026-01-19,34,36.6,40.4,72.89,https://www.tradingview.com/chart/?symbol=CALM,✅ 유지
US,HMR,2026-01-19,34,67.3,39.0,1.84,https://www.tradingview.com/chart/?symbol=HMR,✅ 유지
US,JCTC,2026-01-19,34,62.1,33.5,2.93,https://www.tradingview.com/chart/?symbol=JCTC,✅ 유지
US,KMB,2026-01-19,34,40.2,36.4,97.86,https://www.tradingview.com/chart/?symbol=KMB,✅ 유지
US,LRN,2026-01-19,34,40.4,34.7,78.9,https://www.tradingview.com/chart/?symbol=LRN,✅ 유지
US,PAVM,2026-01-19,34,32.6,40.4,3.96,https://www.tradingview.com/chart/?symbol=PAVM,✅ 유지
US,SXTP,2026-01-19,34,32.8,45.8,0.956,https://www.tradingview.com/chart/?symbol=SXTP,✅ 유지
US,VAI,2026-01-19,34,63.0,31.2,2.12,https://www.tradingview.com/chart/?symbol=VAI,✅ 유지
US,AGIG,2026-01-12,35,43.7,40.3,1.23,https://www.tradingview.com/chart/?symbol=AGIG,✅ 유지
US,ASPN,2026-01-12,35,50.3,34.7,5.07,https://www.tradingview.com/chart/?symbol=ASPN,✅ 유지
US,CJMB,2026-01-12,35,56.6,55.0,2.28,https://www.tradingview.com/chart/?symbol=CJMB,✅ 유지
US,DTSS,2026-01-12,35,51.3,33.7,0.882,https://www.tradingview.com/chart/?symbol=DTSS,✅ 유지
US,ELTK,2026-01-12,35,39.9,46.3,8.0,https://www.tradingview.com/chart/?symbol=ELTK,✅ 유지
US,JDZG,2026-01-12,35,37.0,35.6,4.14,https://www.tradingview.com/chart/?symbol=JDZG,✅ 유지
US,KGEI,2026-01-12,35,66.3,34.1,6.82,https://www.tradingview.com/chart/?symbol=KGEI,✅ 유지
US,LSF,2026-01-12,35,48.7,42.7,3.78,https://www.tradingview.com/chart/?symbol=LSF,✅ 유지
US,OM,2026-01-12,35,35.9,35.9,3.15,https://www.tradingview.com/chart/?symbol=OM,✅ 유지
US,SEGG,2026-01-12,35,37.2,35.4,3.19,https://www.tradingview.com/chart/?symbol=SEGG,✅ 유지
US,SER,2026-01-12,35,48.2,39.3,2.25,https://www.tradingview.com/chart/?symbol=SER,✅ 유지
US,SONM,2026-01-12,35,42.3,34.3,3.46,https://www.tradingview.com/chart/?symbol=SONM,✅ 유지
US,SPOK,2026-01-12,35,44.4,37.3,10.39,https://www.tradingview.com/chart/?symbol=SPOK,✅ 유지
US,VICI,2026-01-12,35,32.8,46.1,23.72,https://www.tradingview.com/chart/?symbol=VICI,✅ 유지
US,YI,2026-01-12,35,34.9,58.3,3.6,https://www.tradingview.com/chart/?symbol=YI,✅ 유지
US,AQMS,2026-01-05,36,37.3,43.6,2.37,https://www.tradingview.com/chart/?symbol=AQMS,✅ 유지
US,ARE,2026-01-05,36,53.6,39.7,53.3,https://www.tradingview.com/chart/?symbol=ARE,✅ 유지
US,AVXL,2026-01-05,36,38.3,35.5,2.42,https://www.tradingview.com/chart/?symbol=AVXL,✅ 유지
US,BDN,2026-01-05,36,44.8,36.2,2.9,https://www.tradingview.com/chart/?symbol=BDN,✅ 유지
US,CNTY,2026-01-05,36,35.0,40.1,1.14,https://www.tradingview.com/chart/?symbol=CNTY,✅ 유지
US,FIZZ,2026-01-05,36,49.1,36.5,31.6,https://www.tradingview.com/chart/?symbol=FIZZ,✅ 유지
US,GP,2026-01-05,36,36.4,34.0,0.809,https://www.tradingview.com/chart/?symbol=GP,✅ 유지
US,GRO,2026-01-05,36,49.3,45.6,2.43,https://www.tradingview.com/chart/?symbol=GRO,✅ 유지
US,GTEC,2026-01-05,36,68.6,41.7,1.09,https://www.tradingview.com/chart/?symbol=GTEC,✅ 유지
US,HGBL,2026-01-05,36,54.4,34.5,1.34,https://www.tradingview.com/chart/?symbol=HGBL,✅ 유지
US,MLTX,2026-01-05,36,30.6,42.1,12.39,https://www.tradingview.com/chart/?symbol=MLTX,✅ 유지
US,NDRA,2026-01-05,36,52.8,38.1,5.5,https://www.tradingview.com/chart/?symbol=NDRA,✅ 유지
US,PLRX,2026-01-05,36,43.9,37.5,1.11,https://www.tradingview.com/chart/?symbol=PLRX,✅ 유지
US,POOL,2026-01-05,36,36.3,41.7,167.96,https://www.tradingview.com/chart/?symbol=POOL,✅ 유지
US,PRFX,2026-01-05,36,37.6,35.9,1.02,https://www.tradingview.com/chart/?symbol=PRFX,✅ 유지
US,PSFE,2026-01-05,36,38.2,37.5,6.23,https://www.tradingview.com/chart/?symbol=PSFE,✅ 유지
US,PTLO,2026-01-05,36,38.1,34.0,3.75,https://www.tradingview.com/chart/?symbol=PTLO,✅ 유지
US,SVRN,2026-01-05,36,53.0,35.7,20.32,https://www.tradingview.com/chart/?symbol=SVRN,✅ 유지
US,TGHL,2026-01-05,36,49.9,6.6,0.8,https://www.tradingview.com/chart/?symbol=TGHL,✅ 유지
US,TREX,2026-01-05,36,46.5,43.9,42.69,https://www.tradingview.com/chart/?symbol=TREX,✅ 유지
US,VERU,2026-01-05,36,45.3,33.5,2.41,https://www.tradingview.com/chart/?symbol=VERU,✅ 유지
US,WPRT,2026-01-05,36,49.1,42.5,1.94,https://www.tradingview.com/chart/?symbol=WPRT,✅ 유지
US,XXII,2026-01-05,36,23.5,23.8,1.79,https://www.tradingview.com/chart/?symbol=XXII,✅ 유지
US,MNTS,2025-12-31,37,40.4,36.1,4.35,https://www.tradingview.com/chart/?symbol=MNTS,✅ 유지
US,AIRO,2025-12-29,37,42.5,32.7,7.0,https://www.tradingview.com/chart/?symbol=AIRO,✅ 유지
US,AUNA,2025-12-29,37,48.6,32.3,5.1,https://www.tradingview.com/chart/?symbol=AUNA,✅ 유지
US,BRIA,2025-12-29,37,40.2,39.3,1.4,https://www.tradingview.com/chart/?symbol=BRIA,✅ 유지
US,CLX,2025-12-29,37,34.5,31.8,83.1,https://www.tradingview.com/chart/?symbol=CLX,✅ 유지
US,DGZ,2025-12-29,37,44.8,40.5,5.11,https://www.tradingview.com/chart/?symbol=DGZ,✅ 유지
US,ELUT,2025-12-29,37,41.8,31.5,0.85,https://www.tradingview.com/chart/?symbol=ELUT,✅ 유지
US,FGBI,2025-12-29,37,46.9,36.9,8.6391,https://www.tradingview.com/chart/?symbol=FGBI,✅ 유지
US,GOOD,2025-12-29,37,54.0,35.0,12.51,https://www.tradingview.com/chart/?symbol=GOOD,✅ 유지
US,HIT,2025-12-29,37,36.6,45.0,0.871,https://www.tradingview.com/chart/?symbol=HIT,✅ 유지
US,LOT,2025-12-29,37,38.8,37.5,0.884,https://www.tradingview.com/chart/?symbol=LOT,✅ 유지
US,SYNX,2025-12-29,37,40.2,41.1,0.89,https://www.tradingview.com/chart/?symbol=SYNX,✅ 유지
US,TOVX,2025-12-29,37,44.0,36.5,0.23,https://www.tradingview.com/chart/?symbol=TOVX,✅ 유지
US,UEIC,2025-12-29,37,66.8,38.8,5.19,https://www.tradingview.com/chart/?symbol=UEIC,✅ 유지
US,AIRJ,2025-12-22,38,49.7,43.4,4.33,https://www.tradingview.com/chart/?symbol=AIRJ,✅ 유지
US,BHM,2025-12-22,38,36.5,55.0,7.8967,https://www.tradingview.com/chart/?symbol=BHM,✅ 유지
US,CPHC,2025-12-22,38,47.4,39.2,15.6,https://www.tradingview.com/chart/?symbol=CPHC,✅ 유지
US,HIHO,2025-12-22,38,49.9,52.4,0.9,https://www.tradingview.com/chart/?symbol=HIHO,✅ 유지
US,HXHX,2025-12-22,38,42.3,45.1,0.425,https://www.tradingview.com/chart/?symbol=HXHX,✅ 유지
US,INAB,2025-12-22,38,40.9,45.9,1.08,https://www.tradingview.com/chart/?symbol=INAB,✅ 유지
US,INVH,2025-12-22,38,40.4,40.4,26.6102,https://www.tradingview.com/chart/?symbol=INVH,✅ 유지
US,KYTX,2025-12-22,38,42.4,68.9,7.13,https://www.tradingview.com/chart/?symbol=KYTX,✅ 유지
US,NUAI,2025-12-22,38,58.2,59.5,5.86,https://www.tradingview.com/chart/?symbol=NUAI,✅ 유지
US,PSNY,2025-12-22,38,30.2,39.0,7.86,https://www.tradingview.com/chart/?symbol=PSNY,✅ 유지
US,CMCSA,2025-12-15,39,39.2,45.5,22.74,https://www.tradingview.com/chart/?symbol=CMCSA,✅ 유지
US,DJT,2025-12-15,39,46.5,49.9,8.85,https://www.tradingview.com/chart/?symbol=DJT,✅ 유지
US,RPAY,2025-12-15,39,53.4,40.0,3.98,https://www.tradingview.com/chart/?symbol=RPAY,✅ 유지
US,SOC,2025-12-15,39,37.2,35.2,4.56,https://www.tradingview.com/chart/?symbol=SOC,✅ 유지
US,TEAD,2025-12-15,39,33.8,29.2,0.496,https://www.tradingview.com/chart/?symbol=TEAD,✅ 유지
US,AFCG,2025-12-08,40,56.9,43.8,3.43,https://www.tradingview.com/chart/?symbol=AFCG,✅ 유지
US,AHT,2025-12-08,40,35.0,38.6,2.74,https://www.tradingview.com/chart/?symbol=AHT,✅ 유지
US,ALG,2025-12-08,40,49.2,43.8,166.65,https://www.tradingview.com/chart/?symbol=ALG,✅ 유지
US,BBWI,2025-12-08,40,41.1,39.8,17.4,https://www.tradingview.com/chart/?symbol=BBWI,✅ 유지
US,BHVN,2025-12-08,40,51.4,40.1,13.62,https://www.tradingview.com/chart/?symbol=BHVN,✅ 유지
US,CCOI,2025-12-08,40,34.3,34.0,9.01,https://www.tradingview.com/chart/?symbol=CCOI,✅ 유지
US,CHH,2025-12-08,40,39.0,33.1,96.85,https://www.tradingview.com/chart/?symbol=CHH,✅ 유지
US,COLD,2025-12-08,40,51.2,43.8,14.41,https://www.tradingview.com/chart/?symbol=COLD,✅ 유지
US,EEFT,2025-12-08,40,41.9,40.2,66.03,https://www.tradingview.com/chart/?symbol=EEFT,✅ 유지
US,EPC,2025-12-08,40,57.6,32.5,27.18,https://www.tradingview.com/chart/?symbol=EPC,✅ 유지
US,FBLG,2025-12-08,40,41.1,37.8,1.43,https://www.tradingview.com/chart/?symbol=FBLG,✅ 유지
US,FOXF,2025-12-08,40,48.7,37.4,18.77,https://www.tradingview.com/chart/?symbol=FOXF,✅ 유지
US,JXG,2025-12-08,40,43.0,34.8,6.19,https://www.tradingview.com/chart/?symbol=JXG,✅ 유지
US,KNSL,2025-12-08,40,49.9,41.2,356.85,https://www.tradingview.com/chart/?symbol=KNSL,✅ 유지
US,PFX,2025-12-08,40,50.0,36.7,44.84,https://www.tradingview.com/chart/?symbol=PFX,✅ 유지
US,PRMB,2025-12-08,40,42.5,31.1,20.52,https://www.tradingview.com/chart/?symbol=PRMB,✅ 유지
US,SSTI,2025-12-08,40,33.0,32.6,5.58,https://www.tradingview.com/chart/?symbol=SSTI,✅ 유지
US,TSQ,2025-12-08,40,41.7,41.5,5.27,https://www.tradingview.com/chart/?symbol=TSQ,✅ 유지
US,WVVI,2025-12-08,40,37.7,32.8,2.14,https://www.tradingview.com/chart/?symbol=WVVI,✅ 유지
US,ATER,2025-12-01,41,47.2,35.1,0.7,https://www.tradingview.com/chart/?symbol=ATER,✅ 유지
US,BAH,2025-12-01,41,52.1,38.4,77.07,https://www.tradingview.com/chart/?symbol=BAH,✅ 유지
US,CAVA,2025-12-01,41,36.5,34.6,51.64,https://www.tradingview.com/chart/?symbol=CAVA,✅ 유지
US,CBT,2025-12-01,41,43.0,38.4,77.44,https://www.tradingview.com/chart/?symbol=CBT,✅ 유지
US,FUN,2025-12-01,41,30.9,34.9,12.22,https://www.tradingview.com/chart/?symbol=FUN,✅ 유지
US,GURE,2025-12-01,41,44.4,60.1,3.34,https://www.tradingview.com/chart/?symbol=GURE,✅ 유지
US,OC,2025-12-01,41,44.1,37.8,123.9,https://www.tradingview.com/chart/?symbol=OC,✅ 유지
US,PDSB,2025-12-01,41,53.3,37.8,0.806,https://www.tradingview.com/chart/?symbol=PDSB,✅ 유지
US,RICK,2025-12-01,41,53.0,35.4,28.02,https://www.tradingview.com/chart/?symbol=RICK,✅ 유지
US,SENS,2025-12-01,41,63.1,38.2,9.58,https://www.tradingview.com/chart/?symbol=SENS,✅ 유지
US,STRR,2025-12-01,41,43.3,52.4,9.84,https://www.tradingview.com/chart/?symbol=STRR,✅ 유지
US,TNXP,2025-12-01,41,41.3,40.7,10.87,https://www.tradingview.com/chart/?symbol=TNXP,✅ 유지
US,ULH,2025-12-01,41,50.8,35.4,17.7,https://www.tradingview.com/chart/?symbol=ULH,✅ 유지
US,WFG,2025-12-01,41,56.4,37.1,71.47,https://www.tradingview.com/chart/?symbol=WFG,✅ 유지
US,WHLR,2025-12-01,41,26.1,26.1,2.412,https://www.tradingview.com/chart/?symbol=WHLR,✅ 유지
US,YXT,2025-12-01,41,37.8,47.0,2.3,https://www.tradingview.com/chart/?symbol=YXT,✅ 유지
US,ARCC,2025-11-24,42,59.9,49.1,19.4,https://www.tradingview.com/chart/?symbol=ARCC,✅ 유지
US,ASTI,2025-11-24,42,41.9,29.0,2.88,https://www.tradingview.com/chart/?symbol=ASTI,✅ 유지
US,BDCZ,2025-11-24,42,53.2,48.5,15.152,https://www.tradingview.com/chart/?symbol=BDCZ,✅ 유지
US,CISS,2025-11-24,42,16.4,20.7,1.29,https://www.tradingview.com/chart/?symbol=CISS,✅ 유지
US,CLRB,2025-11-24,42,41.0,33.5,2.38,https://www.tradingview.com/chart/?symbol=CLRB,✅ 유지
US,CMG,2025-11-24,42,46.7,37.2,33.43,https://www.tradingview.com/chart/?symbol=CMG,✅ 유지
US,COOK,2025-11-24,42,42.9,36.6,48.84,https://www.tradingview.com/chart/?symbol=COOK,✅ 유지
US,DEFT,2025-11-24,42,41.5,40.1,0.505,https://www.tradingview.com/chart/?symbol=DEFT,✅ 유지
US,DV,2025-11-24,42,64.7,37.1,13.46,https://www.tradingview.com/chart/?symbol=DV,✅ 유지
US,FABC,2025-11-24,42,39.6,35.3,2.14,https://www.tradingview.com/chart/?symbol=FABC,✅ 유지
US,KRO,2025-11-24,42,57.8,41.9,8.01,https://www.tradingview.com/chart/?symbol=KRO,✅ 유지
US,KTTA,2025-11-24,42,42.8,61.7,0.524,https://www.tradingview.com/chart/?symbol=KTTA,✅ 유지
US,LMNR,2025-11-24,42,43.9,39.3,12.73,https://www.tradingview.com/chart/?symbol=LMNR,✅ 유지
US,MOH,2025-11-24,42,52.7,32.4,200.79,https://www.tradingview.com/chart/?symbol=MOH,✅ 유지
US,MRSH,2025-11-24,42,46.5,36.4,175.01,https://www.tradingview.com/chart/?symbol=MRSH,✅ 유지
US,MYO,2025-11-24,42,57.8,31.2,1.48,https://www.tradingview.com/chart/?symbol=MYO,✅ 유지
US,NTHI,2025-11-24,42,36.6,46.7,3.26,https://www.tradingview.com/chart/?symbol=NTHI,✅ 유지
US,PMCB,2025-11-24,42,31.7,37.3,0.4597,https://www.tradingview.com/chart/?symbol=PMCB,✅ 유지
US,RCKT,2025-11-24,42,47.6,41.9,3.37,https://www.tradingview.com/chart/?symbol=RCKT,✅ 유지
US,RUBI,2025-11-24,42,18.0,19.1,1.14,https://www.tradingview.com/chart/?symbol=RUBI,✅ 유지
US,SPRY,2025-11-24,42,30.5,41.4,4.11,https://www.tradingview.com/chart/?symbol=SPRY,✅ 유지
US,ATR,2025-11-17,43,46.3,33.1,124.44,https://www.tradingview.com/chart/?symbol=ATR,✅ 유지
US,INBK,2025-11-17,43,56.3,36.8,27.77,https://www.tradingview.com/chart/?symbol=INBK,✅ 유지
US,JJSF,2025-11-17,43,45.6,35.9,77.97,https://www.tradingview.com/chart/?symbol=JJSF,✅ 유지
US,MAGN,2025-11-17,43,44.8,48.2,11.5,https://www.tradingview.com/chart/?symbol=MAGN,✅ 유지
US,NRDY,2025-11-17,43,32.1,39.0,8.97,https://www.tradingview.com/chart/?symbol=NRDY,✅ 유지
US,RSG,2025-11-17,43,51.8,43.9,218.07,https://www.tradingview.com/chart/?symbol=RSG,✅ 유지
US,SLGN,2025-11-17,43,39.8,34.5,37.19,https://www.tradingview.com/chart/?symbol=SLGN,✅ 유지
US,SOWG,2025-11-17,43,40.0,38.0,2.43,https://www.tradingview.com/chart/?symbol=SOWG,✅ 유지
US,STZ,2025-11-17,43,34.8,34.8,118.97,https://www.tradingview.com/chart/?symbol=STZ,✅ 유지
US,UDR,2025-11-17,43,36.2,40.3,33.9,https://www.tradingview.com/chart/?symbol=UDR,✅ 유지
US,WNC,2025-11-17,43,52.1,39.1,11.86,https://www.tradingview.com/chart/?symbol=WNC,✅ 유지
US,HRL,2025-11-10,44,38.8,31.6,20.83,https://www.tradingview.com/chart/?symbol=HRL,✅ 유지
US,JYNT,2025-11-10,44,47.5,34.0,8.44,https://www.tradingview.com/chart/?symbol=JYNT,✅ 유지
US,ONON,2025-11-10,44,30.9,45.4,27.26,https://www.tradingview.com/chart/?symbol=ONON,✅ 유지
US,PGR,2025-11-10,44,50.7,40.6,213.48,https://www.tradingview.com/chart/?symbol=PGR,✅ 유지
US,TAP-A,2025-11-10,44,45.4,36.5,41.96,https://www.tradingview.com/chart/?symbol=TAP-A,✅ 유지
US,TLIH,2025-11-10,44,46.6,3.1,5.8,https://www.tradingview.com/chart/?symbol=TLIH,✅ 유지
US,WM,2025-11-10,44,40.2,40.0,211.1,https://www.tradingview.com/chart/?symbol=WM,✅ 유지
US,BOW,2025-11-03,45,69.2,35.2,33.74,https://www.tradingview.com/chart/?symbol=BOW,✅ 유지
US,GT,2025-11-03,45,34.1,39.6,5.05,https://www.tradingview.com/chart/?symbol=GT,✅ 유지
US,KNF,2025-11-03,45,32.0,42.1,54.44,https://www.tradingview.com/chart/?symbol=KNF,✅ 유지
US,KVUE,2025-11-03,45,45.2,40.9,17.6,https://www.tradingview.com/chart/?symbol=KVUE,✅ 유지
US,TW,2025-11-03,45,47.4,34.6,103.97,https://www.tradingview.com/chart/?symbol=TW,✅ 유지
US,WEN,2025-11-03,45,42.7,34.9,6.74,https://www.tradingview.com/chart/?symbol=WEN,✅ 유지
US,CRTO,2025-10-27,46,42.2,43.1,16.7,https://www.tradingview.com/chart/?symbol=CRTO,✅ 유지
US,LOMA,2025-10-27,46,40.7,57.9,9.51,https://www.tradingview.com/chart/?symbol=LOMA,✅ 유지
US,WHF,2025-10-27,46,62.4,37.9,7.12,https://www.tradingview.com/chart/?symbol=WHF,✅ 유지
US,ASTL,2025-10-20,47,48.5,43.1,4.25,https://www.tradingview.com/chart/?symbol=ASTL,✅ 유지
US,AZIO,2025-10-20,47,46.1,39.8,1.38,https://www.tradingview.com/chart/?symbol=AZIO,✅ 유지
US,BBAR,2025-10-20,47,42.2,36.9,14.25,https://www.tradingview.com/chart/?symbol=BBAR,✅ 유지
US,BYND,2025-10-20,47,33.7,44.0,11.51,https://www.tradingview.com/chart/?symbol=BYND,✅ 유지
US,CGBD,2025-10-20,47,55.6,41.0,11.41,https://www.tradingview.com/chart/?symbol=CGBD,✅ 유지
US,CHDN,2025-10-20,47,40.3,49.2,81.91,https://www.tradingview.com/chart/?symbol=CHDN,✅ 유지
US,HBIO,2025-10-20,47,65.3,36.2,7.95,https://www.tradingview.com/chart/?symbol=HBIO,✅ 유지
US,NCDL,2025-10-20,47,43.8,43.2,12.06,https://www.tradingview.com/chart/?symbol=NCDL,✅ 유지
US,OMSE,2025-10-20,47,46.6,42.2,4.37,https://www.tradingview.com/chart/?symbol=OMSE,✅ 유지
US,SCNX,2025-10-20,47,38.7,51.0,0.314,https://www.tradingview.com/chart/?symbol=SCNX,✅ 유지
US,UMH,2025-10-20,47,53.3,35.0,15.69,https://www.tradingview.com/chart/?symbol=UMH,✅ 유지
US,WDFC,2025-10-20,47,37.2,40.3,189.29,https://www.tradingview.com/chart/?symbol=WDFC,✅ 유지
US,CEPU,2025-10-13,48,44.7,44.3,13.46,https://www.tradingview.com/chart/?symbol=CEPU,✅ 유지
US,EDN,2025-10-13,48,44.8,38.5,23.42,https://www.tradingview.com/chart/?symbol=EDN,✅ 유지
US,FRPT,2025-10-13,48,48.3,30.5,61.44,https://www.tradingview.com/chart/?symbol=FRPT,✅ 유지
US,IFF,2025-10-13,48,55.8,40.2,82.96,https://www.tradingview.com/chart/?symbol=IFF,✅ 유지
US,JKHY,2025-10-13,48,50.5,37.2,154.85,https://www.tradingview.com/chart/?symbol=JKHY,✅ 유지
US,KDP,2025-10-13,48,52.4,39.8,30.96,https://www.tradingview.com/chart/?symbol=KDP,✅ 유지
US,MNRO,2025-10-13,48,39.2,52.6,12.1,https://www.tradingview.com/chart/?symbol=MNRO,✅ 유지
US,OTF,2025-10-13,48,46.0,44.0,10.54,https://www.tradingview.com/chart/?symbol=OTF,✅ 유지
US,PII,2025-10-13,48,38.7,65.5,54.07,https://www.tradingview.com/chart/?symbol=PII,✅ 유지
US,RXST,2025-10-13,48,41.3,31.9,5.2,https://www.tradingview.com/chart/?symbol=RXST,✅ 유지
US,SUPV,2025-10-13,48,42.6,37.2,8.04,https://www.tradingview.com/chart/?symbol=SUPV,✅ 유지
US,BMA,2025-10-06,49,45.0,39.8,75.06,https://www.tradingview.com/chart/?symbol=BMA,✅ 유지
US,DPU,2025-10-06,49,33.0,30.6,1.63,https://www.tradingview.com/chart/?symbol=DPU,✅ 유지
US,GGAL,2025-10-06,49,43.4,36.5,41.76,https://www.tradingview.com/chart/?symbol=GGAL,✅ 유지
US,SPRB,2025-10-06,49,40.4,34.6,53.05,https://www.tradingview.com/chart/?symbol=SPRB,✅ 유지
US,CAG,2025-09-29,50,50.6,38.4,15.13,https://www.tradingview.com/chart/?symbol=CAG,✅ 유지
US,CIIT,2025-09-29,50,30.7,31.0,2.42,https://www.tradingview.com/chart/?symbol=CIIT,✅ 유지
US,CTXR,2025-09-29,50,44.5,42.6,0.6,https://www.tradingview.com/chart/?symbol=CTXR,✅ 유지
US,IBTA,2025-09-29,50,62.8,39.0,41.57,https://www.tradingview.com/chart/?symbol=IBTA,✅ 유지
US,LUNG,2025-09-29,50,55.1,33.8,2.07,https://www.tradingview.com/chart/?symbol=LUNG,✅ 유지
US,SOS,2025-09-29,50,33.3,36.0,0.696,https://www.tradingview.com/chart/?symbol=SOS,✅ 유지
US,WLK,2025-09-29,50,37.1,45.9,69.07,https://www.tradingview.com/chart/?symbol=WLK,✅ 유지
US,YCBD,2025-09-29,50,37.6,47.1,0.45,https://www.tradingview.com/chart/?symbol=YCBD,✅ 유지
US,EUDA,2025-09-22,51,50.2,32.5,17.62,https://www.tradingview.com/chart/?symbol=EUDA,✅ 유지
US,NVCR,2025-09-15,52,52.9,37.7,16.69,https://www.tradingview.com/chart/?symbol=NVCR,✅ 유지
US,AFYA,2025-09-08,53,43.7,45.3,13.6,https://www.tradingview.com/chart/?symbol=AFYA,✅ 유지
US,AGMH,2025-09-08,53,38.5,28.1,0.828,https://www.tradingview.com/chart/?symbol=AGMH,✅ 유지
US,AIXC,2025-09-08,53,48.1,34.9,1.09,https://www.tradingview.com/chart/?symbol=AIXC,✅ 유지
US,FEBO,2025-09-08,53,36.9,33.8,0.698,https://www.tradingview.com/chart/?symbol=FEBO,✅ 유지
US,KAZR,2025-09-08,53,42.1,38.9,2.23,https://www.tradingview.com/chart/?symbol=KAZR,✅ 유지
US,LFWD,2025-09-08,53,46.2,30.7,6.92,https://www.tradingview.com/chart/?symbol=LFWD,✅ 유지
US,PMAX,2025-09-08,53,32.0,35.1,0.957,https://www.tradingview.com/chart/?symbol=PMAX,✅ 유지
US,SLP,2025-09-08,53,58.6,36.1,18.44,https://www.tradingview.com/chart/?symbol=SLP,✅ 유지
US,UZD,2025-09-08,53,41.2,50.1,18.36,https://www.tradingview.com/chart/?symbol=UZD,✅ 유지
US,XBP,2025-09-08,53,50.0,52.3,3.48,https://www.tradingview.com/chart/?symbol=XBP,✅ 유지
US,DARE,2025-09-01,54,34.8,38.0,0.784,https://www.tradingview.com/chart/?symbol=DARE,✅ 유지
US,PAVS,2025-09-01,54,32.5,40.5,4.07,https://www.tradingview.com/chart/?symbol=PAVS,✅ 유지
US,UZE,2025-09-01,54,39.4,42.7,16.22,https://www.tradingview.com/chart/?symbol=UZE,✅ 유지
US,UZF,2025-09-01,54,40.0,44.6,16.29,https://www.tradingview.com/chart/?symbol=UZF,✅ 유지
US,CWD,2025-08-25,55,36.8,38.1,0.485,https://www.tradingview.com/chart/?symbol=CWD,✅ 유지
US,GMHS,2025-08-25,55,37.8,42.4,0.765,https://www.tradingview.com/chart/?symbol=GMHS,✅ 유지
US,INEO,2025-08-25,55,43.5,35.8,0.525,https://www.tradingview.com/chart/?symbol=INEO,✅ 유지
US,LKQ,2025-08-25,55,39.4,40.3,23.3,https://www.tradingview.com/chart/?symbol=LKQ,✅ 유지
US,PSEC,2025-08-25,55,46.1,39.0,2.18,https://www.tradingview.com/chart/?symbol=PSEC,✅ 유지
US,TNDM,2025-08-25,55,44.8,32.4,16.87,https://www.tradingview.com/chart/?symbol=TNDM,✅ 유지
US,CTRM,2025-08-18,56,50.8,41.6,2.18,https://www.tradingview.com/chart/?symbol=CTRM,✅ 유지
US,DBGI,2025-08-18,56,31.8,45.0,4.47,https://www.tradingview.com/chart/?symbol=DBGI,✅ 유지
US,EMN,2025-08-18,56,42.1,41.0,65.69,https://www.tradingview.com/chart/?symbol=EMN,✅ 유지
US,HUDI,2025-08-18,56,39.2,35.6,0.772,https://www.tradingview.com/chart/?symbol=HUDI,✅ 유지
US,MLAB,2025-08-18,56,64.5,34.7,126.54,https://www.tradingview.com/chart/?symbol=MLAB,✅ 유지
US,MOVE,2025-08-18,56,45.9,33.1,11.01,https://www.tradingview.com/chart/?symbol=MOVE,✅ 유지
US,RGP,2025-08-18,56,45.3,40.3,3.96,https://www.tradingview.com/chart/?symbol=RGP,✅ 유지
US,SLVM,2025-08-18,56,39.8,34.2,35.57,https://www.tradingview.com/chart/?symbol=SLVM,✅ 유지
US,UCFI,2025-08-18,56,37.0,56.5,5.51,https://www.tradingview.com/chart/?symbol=UCFI,✅ 유지
US,XELB,2025-08-18,56,34.0,30.6,0.8598,https://www.tradingview.com/chart/?symbol=XELB,✅ 유지
US,CI,2025-08-11,57,47.1,46.3,275.28,https://www.tradingview.com/chart/?symbol=CI,✅ 유지
US,COLM,2025-08-11,57,43.7,34.8,56.84,https://www.tradingview.com/chart/?symbol=COLM,✅ 유지
US,FUL,2025-08-11,57,37.5,50.3,49.41,https://www.tradingview.com/chart/?symbol=FUL,✅ 유지
US,HUN,2025-08-11,57,39.4,33.2,9.09,https://www.tradingview.com/chart/?symbol=HUN,✅ 유지
US,RDHL,2025-08-11,57,34.8,33.0,0.568,https://www.tradingview.com/chart/?symbol=RDHL,✅ 유지
US,GTIM,2025-08-04,58,64.2,41.6,1.54,https://www.tradingview.com/chart/?symbol=GTIM,✅ 유지
US,MLSS,2025-08-04,58,50.4,41.7,0.41,https://www.tradingview.com/chart/?symbol=MLSS,✅ 유지
US,MYGN,2025-08-04,58,45.7,43.2,3.89,https://www.tradingview.com/chart/?symbol=MYGN,✅ 유지
US,OLN,2025-08-04,58,35.5,35.1,16.84,https://www.tradingview.com/chart/?symbol=OLN,✅ 유지
US,SKY,2025-08-04,58,50.9,37.3,84.59,https://www.tradingview.com/chart/?symbol=SKY,✅ 유지
US,AIRE,2025-07-21,60,32.0,36.8,1.36,https://www.tradingview.com/chart/?symbol=AIRE,✅ 유지
US,AMPH,2025-07-21,60,57.5,32.8,23.62,https://www.tradingview.com/chart/?symbol=AMPH,✅ 유지
US,HELE,2025-07-21,60,52.5,32.8,26.84,https://www.tradingview.com/chart/?symbol=HELE,✅ 유지
US,HTOO,2025-07-21,60,36.4,38.5,2.03,https://www.tradingview.com/chart/?symbol=HTOO,✅ 유지
US,PC,2025-07-21,60,51.1,28.4,9.4,https://www.tradingview.com/chart/?symbol=PC,✅ 유지
US,SAM,2025-07-21,60,40.0,43.6,171.57,https://www.tradingview.com/chart/?symbol=SAM,✅ 유지
US,SCWO,2025-07-21,60,59.9,37.2,3.13,https://www.tradingview.com/chart/?symbol=SCWO,✅ 유지
US,SEED,2025-07-21,60,39.5,36.9,0.93,https://www.tradingview.com/chart/?symbol=SEED,✅ 유지
US,SFBC,2025-07-21,60,65.6,46.1,48.9,https://www.tradingview.com/chart/?symbol=SFBC,✅ 유지
US,TFX,2025-07-21,60,44.9,32.9,124.52,https://www.tradingview.com/chart/?symbol=TFX,✅ 유지
US,CAMP,2025-07-14,61,49.8,31.4,4.24,https://www.tradingview.com/chart/?symbol=CAMP,✅ 유지
US,ICU,2025-07-14,61,49.0,33.6,3.54,https://www.tradingview.com/chart/?symbol=ICU,✅ 유지
US,LEXX,2025-07-14,61,38.5,34.4,3.24,https://www.tradingview.com/chart/?symbol=LEXX,✅ 유지
US,TELO,2025-07-14,61,49.2,44.4,1.23,https://www.tradingview.com/chart/?symbol=TELO,✅ 유지
US,AUC,2025-07-07,62,59.6,40.0,9.33,https://www.tradingview.com/chart/?symbol=AUC,✅ 유지
US,CCAP,2025-07-07,62,33.3,41.9,9.78,https://www.tradingview.com/chart/?symbol=CCAP,✅ 유지
US,ELPW,2025-07-07,62,41.1,48.0,2.49,https://www.tradingview.com/chart/?symbol=ELPW,✅ 유지
US,GLE,2025-07-07,62,62.1,54.7,0.596,https://www.tradingview.com/chart/?symbol=GLE,✅ 유지
US,IXHL,2025-07-07,62,43.6,32.6,3.64,https://www.tradingview.com/chart/?symbol=IXHL,✅ 유지
US,RMTI,2025-07-07,62,51.9,43.3,8.07,https://www.tradingview.com/chart/?symbol=RMTI,✅ 유지
US,SQFT,2025-07-07,62,32.7,39.8,1.26,https://www.tradingview.com/chart/?symbol=SQFT,✅ 유지
US,YHC,2025-07-07,62,30.2,32.7,1.28,https://www.tradingview.com/chart/?symbol=YHC,✅ 유지
US,ACRV,2025-06-30,63,50.3,30.5,1.85,https://www.tradingview.com/chart/?symbol=ACRV,✅ 유지
US,BF-A,2025-06-30,63,46.4,38.3,26.52,https://www.tradingview.com/chart/?symbol=BF-A,✅ 유지
US,BF-B,2025-06-30,63,45.9,37.3,25.94,https://www.tradingview.com/chart/?symbol=BF-B,✅ 유지
US,CRWS,2025-06-30,63,37.6,35.7,2.52,https://www.tradingview.com/chart/?symbol=CRWS,✅ 유지
US,DNUT,2025-06-30,63,41.5,31.5,3.02,https://www.tradingview.com/chart/?symbol=DNUT,✅ 유지
US,ENR,2025-06-30,63,53.4,33.3,21.38,https://www.tradingview.com/chart/?symbol=ENR,✅ 유지
US,ISPR,2025-06-30,63,41.5,42.1,1.31,https://www.tradingview.com/chart/?symbol=ISPR,✅ 유지
US,JACK,2025-06-30,63,43.1,34.2,13.06,https://www.tradingview.com/chart/?symbol=JACK,✅ 유지
US,MBIO,2025-06-30,63,36.3,31.1,0.54,https://www.tradingview.com/chart/?symbol=MBIO,✅ 유지
US,WGO,2025-06-30,63,36.9,36.7,26.43,https://www.tradingview.com/chart/?symbol=WGO,✅ 유지
US,APOG,2025-06-23,64,45.3,39.4,36.8,https://www.tradingview.com/chart/?symbol=APOG,✅ 유지
US,BCC,2025-06-23,64,47.9,33.4,75.69,https://www.tradingview.com/chart/?symbol=BCC,✅ 유지
US,ECOR,2025-06-23,64,64.3,38.0,11.68,https://www.tradingview.com/chart/?symbol=ECOR,✅ 유지
US,HLMN,2025-06-23,64,41.0,36.9,7.13,https://www.tradingview.com/chart/?symbol=HLMN,✅ 유지
US,LGIH,2025-06-23,64,44.0,31.8,48.58,https://www.tradingview.com/chart/?symbol=LGIH,✅ 유지
US,MHH,2025-06-23,64,48.7,36.6,7.22,https://www.tradingview.com/chart/?symbol=MHH,✅ 유지
US,NNDM,2025-06-23,64,48.8,43.1,1.57,https://www.tradingview.com/chart/?symbol=NNDM,✅ 유지
US,PAPL,2025-06-23,64,40.9,31.9,0.872,https://www.tradingview.com/chart/?symbol=PAPL,✅ 유지
US,SAIA,2025-06-23,64,40.3,37.7,342.22,https://www.tradingview.com/chart/?symbol=SAIA,✅ 유지
US,BEEM,2025-06-16,65,47.0,29.4,1.32,https://www.tradingview.com/chart/?symbol=BEEM,✅ 유지
US,BLNE,2025-06-16,65,38.6,33.0,1.02,https://www.tradingview.com/chart/?symbol=BLNE,✅ 유지
US,BXC,2025-06-16,65,54.7,35.2,74.17,https://www.tradingview.com/chart/?symbol=BXC,✅ 유지
US,NTIC,2025-06-16,65,38.8,27.5,7.55,https://www.tradingview.com/chart/?symbol=NTIC,✅ 유지
US,PRTA,2025-06-16,65,44.6,30.1,8.58,https://www.tradingview.com/chart/?symbol=PRTA,✅ 유지
US,PTN,2025-06-16,65,44.4,31.6,10.86,https://www.tradingview.com/chart/?symbol=PTN,✅ 유지
US,SERA,2025-06-16,65,48.4,29.0,2.085,https://www.tradingview.com/chart/?symbol=SERA,✅ 유지
US,BHC,2025-06-09,66,48.8,49.6,5.67,https://www.tradingview.com/chart/?symbol=BHC,✅ 유지
US,IBG,2025-06-09,66,37.0,36.2,1.01,https://www.tradingview.com/chart/?symbol=IBG,✅ 유지
US,MDBH,2025-06-09,66,39.0,37.9,2.61,https://www.tradingview.com/chart/?symbol=MDBH,✅ 유지
US,RMSG,2025-06-09,66,40.2,32.2,0.282,https://www.tradingview.com/chart/?symbol=RMSG,✅ 유지
US,TECH,2025-06-09,66,65.5,35.6,72.37,https://www.tradingview.com/chart/?symbol=TECH,✅ 유지
US,TIC,2025-06-09,66,51.2,39.1,9.06,https://www.tradingview.com/chart/?symbol=TIC,✅ 유지
US,BMEA,2025-06-02,67,58.6,42.2,1.83,https://www.tradingview.com/chart/?symbol=BMEA,✅ 유지
US,CLAR,2025-06-02,67,57.3,36.9,3.58,https://www.tradingview.com/chart/?symbol=CLAR,✅ 유지
US,CTKB,2025-06-02,67,62.4,40.7,5.3,https://www.tradingview.com/chart/?symbol=CTKB,✅ 유지
US,KLXE,2025-06-02,67,35.4,35.9,1.52,https://www.tradingview.com/chart/?symbol=KLXE,✅ 유지
US,LINE,2025-06-02,67,41.8,32.6,36.81,https://www.tradingview.com/chart/?symbol=LINE,✅ 유지
US,PACK,2025-06-02,67,36.2,36.3,3.98,https://www.tradingview.com/chart/?symbol=PACK,✅ 유지
US,PMVP,2025-06-02,67,60.4,37.7,1.5,https://www.tradingview.com/chart/?symbol=PMVP,✅ 유지
US,UAVS,2025-06-02,67,49.8,31.5,1.02,https://www.tradingview.com/chart/?symbol=UAVS,✅ 유지
US,USBC,2025-06-02,67,54.4,37.9,0.51,https://www.tradingview.com/chart/?symbol=USBC,✅ 유지
US,ARVN,2025-05-26,68,41.5,30.3,8.29,https://www.tradingview.com/chart/?symbol=ARVN,✅ 유지
US,LVWR,2025-05-26,68,50.7,60.0,1.63,https://www.tradingview.com/chart/?symbol=LVWR,✅ 유지
US,LZM,2025-05-26,68,46.5,41.6,3.87,https://www.tradingview.com/chart/?symbol=LZM,✅ 유지
US,MGRE,2025-05-26,68,31.7,42.2,21.86,https://www.tradingview.com/chart/?symbol=MGRE,✅ 유지
US,NPWR,2025-05-26,68,49.3,29.7,1.83,https://www.tradingview.com/chart/?symbol=NPWR,✅ 유지
US,NXDR,2025-05-26,68,62.0,37.3,2.49,https://www.tradingview.com/chart/?symbol=NXDR,✅ 유지
US,NXDT,2025-05-26,68,53.3,49.0,5.11,https://www.tradingview.com/chart/?symbol=NXDT,✅ 유지
US,ONL,2025-05-26,68,41.8,33.2,2.44,https://www.tradingview.com/chart/?symbol=ONL,✅ 유지
US,PCSA,2025-05-26,68,39.8,32.0,1.96,https://www.tradingview.com/chart/?symbol=PCSA,✅ 유지
US,QTRX,2025-05-26,68,44.3,33.3,3.07,https://www.tradingview.com/chart/?symbol=QTRX,✅ 유지
US,SACH,2025-05-26,68,53.3,34.5,0.96,https://www.tradingview.com/chart/?symbol=SACH,✅ 유지
US,STHO,2025-05-26,68,50.0,29.0,9.08,https://www.tradingview.com/chart/?symbol=STHO,✅ 유지
US,BOLT,2025-05-19,69,41.0,34.0,3.56,https://www.tradingview.com/chart/?symbol=BOLT,✅ 유지
US,HYPD,2025-05-19,69,55.7,31.6,3.92,https://www.tradingview.com/chart/?symbol=HYPD,✅ 유지
US,NXPL,2025-05-19,69,67.3,38.1,9.46,https://www.tradingview.com/chart/?symbol=NXPL,✅ 유지
US,QNME,2025-05-19,69,51.5,32.8,0.558,https://www.tradingview.com/chart/?symbol=QNME,✅ 유지
US,ACCO,2025-05-12,70,55.6,38.2,4.17,https://www.tradingview.com/chart/?symbol=ACCO,✅ 유지
US,AHRT,2025-05-12,70,42.1,34.9,6.22,https://www.tradingview.com/chart/?symbol=AHRT,✅ 유지
US,AKR,2025-05-12,70,39.0,44.5,19.28,https://www.tradingview.com/chart/?symbol=AKR,✅ 유지
US,BLDR,2025-05-12,70,32.6,38.2,58.12,https://www.tradingview.com/chart/?symbol=BLDR,✅ 유지
US,CLNE,2025-05-12,70,41.8,46.4,1.69,https://www.tradingview.com/chart/?symbol=CLNE,✅ 유지
US,DEA,2025-05-12,70,48.7,36.7,23.4,https://www.tradingview.com/chart/?symbol=DEA,✅ 유지
US,EFT,2025-05-12,70,47.4,49.7,10.52,https://www.tradingview.com/chart/?symbol=EFT,✅ 유지
US,FBIN,2025-05-12,70,40.0,37.8,39.4,https://www.tradingview.com/chart/?symbol=FBIN,✅ 유지
US,GCO,2025-05-12,70,47.0,43.3,32.76,https://www.tradingview.com/chart/?symbol=GCO,✅ 유지
US,HUMA,2025-05-12,70,39.0,41.4,0.586,https://www.tradingview.com/chart/?symbol=HUMA,✅ 유지
US,KRNT,2025-05-12,70,47.0,49.3,15.38,https://www.tradingview.com/chart/?symbol=KRNT,✅ 유지
US,LE,2025-05-12,70,38.4,37.6,10.07,https://www.tradingview.com/chart/?symbol=LE,✅ 유지
US,MAS,2025-05-12,70,45.0,45.3,68.06,https://www.tradingview.com/chart/?symbol=MAS,✅ 유지
US,MBC,2025-05-12,70,33.9,35.8,6.62,https://www.tradingview.com/chart/?symbol=MBC,✅ 유지
US,MC,2025-05-12,70,40.1,49.4,59.73,https://www.tradingview.com/chart/?symbol=MC,✅ 유지
US,MLKN,2025-05-12,70,52.4,38.6,20.66,https://www.tradingview.com/chart/?symbol=MLKN,✅ 유지
US,MLP,2025-05-12,70,46.5,43.2,16.05,https://www.tradingview.com/chart/?symbol=MLP,✅ 유지
US,NWL,2025-05-12,70,55.1,41.8,5.48,https://www.tradingview.com/chart/?symbol=NWL,✅ 유지
US,PPSI,2025-05-12,70,50.5,44.7,3.51,https://www.tradingview.com/chart/?symbol=PPSI,✅ 유지
US,PWP,2025-05-12,70,33.3,47.3,12.96,https://www.tradingview.com/chart/?symbol=PWP,✅ 유지
US,RH,2025-05-12,70,39.9,39.7,126.54,https://www.tradingview.com/chart/?symbol=RH,✅ 유지
US,SHOE,2025-05-12,70,37.3,35.9,13.07,https://www.tradingview.com/chart/?symbol=SHOE,✅ 유지
US,TNC,2025-05-12,70,37.7,43.2,67.4,https://www.tradingview.com/chart/?symbol=TNC,✅ 유지
US,ULCC,2025-05-12,70,50.0,39.7,5.82,https://www.tradingview.com/chart/?symbol=ULCC,✅ 유지
US,UONEK,2025-05-12,70,37.4,41.6,3.96,https://www.tradingview.com/chart/?symbol=UONEK,✅ 유지
US,VFC,2025-05-12,70,33.3,43.1,12.79,https://www.tradingview.com/chart/?symbol=VFC,✅ 유지
US,VRCA,2025-05-12,70,41.3,38.5,4.45,https://www.tradingview.com/chart/?symbol=VRCA,✅ 유지
US,WEX,2025-05-12,70,64.0,41.8,193.57,https://www.tradingview.com/chart/?symbol=WEX,✅ 유지
US,AAL,2025-05-05,71,44.3,41.0,12.96,https://www.tradingview.com/chart/?symbol=AAL,✅ 유지
US,AMBA,2025-05-05,71,47.2,45.4,66.15,https://www.tradingview.com/chart/?symbol=AMBA,✅ 유지
US,CPRI,2025-05-05,71,39.0,38.0,14.75,https://www.tradingview.com/chart/?symbol=CPRI,✅ 유지
US,CWH,2025-05-05,71,37.4,36.5,5.6,https://www.tradingview.com/chart/?symbol=CWH,✅ 유지
US,CXT,2025-05-05,71,44.9,47.8,45.61,https://www.tradingview.com/chart/?symbol=CXT,✅ 유지
US,DXST,2025-05-05,71,37.4,40.8,2.55,https://www.tradingview.com/chart/?symbol=DXST,✅ 유지
US,EAF,2025-05-05,71,50.9,38.3,8.22,https://www.tradingview.com/chart/?symbol=EAF,✅ 유지
US,FLYW,2025-05-05,71,54.1,37.5,17.34,https://www.tradingview.com/chart/?symbol=FLYW,✅ 유지
US,GNTX,2025-05-05,71,42.0,33.1,22.24,https://www.tradingview.com/chart/?symbol=GNTX,✅ 유지
US,GPN,2025-05-05,71,55.6,35.9,85.06,https://www.tradingview.com/chart/?symbol=GPN,✅ 유지
US,ICFI,2025-05-05,71,55.3,34.9,85.21,https://www.tradingview.com/chart/?symbol=ICFI,✅ 유지
US,ILAG,2025-05-05,71,41.1,41.7,2.82,https://www.tradingview.com/chart/?symbol=ILAG,✅ 유지
US,INDI,2025-05-05,71,42.6,39.2,3.07,https://www.tradingview.com/chart/?symbol=INDI,✅ 유지
US,LOBO,2025-05-05,71,40.1,31.3,0.53,https://www.tradingview.com/chart/?symbol=LOBO,✅ 유지
US,MAT,2025-05-05,71,37.4,44.9,13.26,https://www.tradingview.com/chart/?symbol=MAT,✅ 유지
US,MGRB,2025-05-05,71,43.8,42.4,16.15,https://www.tradingview.com/chart/?symbol=MGRB,✅ 유지
US,MTN,2025-05-05,71,50.4,36.4,139.8,https://www.tradingview.com/chart/?symbol=MTN,✅ 유지
US,MTX,2025-05-05,71,39.4,30.9,66.93,https://www.tradingview.com/chart/?symbol=MTX,✅ 유지
US,PML,2025-05-05,71,33.3,42.5,6.85,https://www.tradingview.com/chart/?symbol=PML,✅ 유지
US,SERV,2025-05-05,71,30.8,42.1,4.41,https://www.tradingview.com/chart/?symbol=SERV,✅ 유지
US,ULBI,2025-05-05,71,44.4,35.7,5.65,https://www.tradingview.com/chart/?symbol=ULBI,✅ 유지
US,UPC,2025-05-05,71,49.7,30.4,4.86,https://www.tradingview.com/chart/?symbol=UPC,✅ 유지
US,ACET,2025-04-28,72,53.5,38.1,9.18,https://www.tradingview.com/chart/?symbol=ACET,✅ 유지
US,ACRE,2025-04-28,72,45.0,37.1,4.38,https://www.tradingview.com/chart/?symbol=ACRE,✅ 유지
US,AOMR,2025-04-28,72,42.3,52.4,7.9,https://www.tradingview.com/chart/?symbol=AOMR,✅ 유지
US,BGT,2025-04-28,72,58.4,53.3,10.75,https://www.tradingview.com/chart/?symbol=BGT,✅ 유지
US,BHRB,2025-04-28,72,55.0,48.6,69.9,https://www.tradingview.com/chart/?symbol=BHRB,✅ 유지
US,BOOT,2025-04-28,72,33.3,44.8,122.92,https://www.tradingview.com/chart/?symbol=BOOT,✅ 유지
US,CIM,2025-04-28,72,31.6,44.6,10.87,https://www.tradingview.com/chart/?symbol=CIM,✅ 유지
US,CMCT,2025-04-28,72,32.4,37.9,2.4,https://www.tradingview.com/chart/?symbol=CMCT,✅ 유지
US,CNMD,2025-04-28,72,54.8,43.9,45.42,https://www.tradingview.com/chart/?symbol=CNMD,✅ 유지
US,COFS,2025-04-28,72,57.6,46.3,33.34,https://www.tradingview.com/chart/?symbol=COFS,✅ 유지
US,CVR,2025-04-28,72,48.4,43.4,10.51,https://www.tradingview.com/chart/?symbol=CVR,✅ 유지
US,DECK,2025-04-28,72,31.5,34.7,78.43,https://www.tradingview.com/chart/?symbol=DECK,✅ 유지
US,DFSC,2025-04-28,72,40.0,31.8,1.21,https://www.tradingview.com/chart/?symbol=DFSC,✅ 유지
US,DXC,2025-04-28,72,48.3,39.2,10.78,https://www.tradingview.com/chart/?symbol=DXC,✅ 유지
US,FWRD,2025-04-28,72,45.0,37.2,14.83,https://www.tradingview.com/chart/?symbol=FWRD,✅ 유지
US,GBR,2025-04-28,72,44.3,36.5,0.7,https://www.tradingview.com/chart/?symbol=GBR,✅ 유지
US,GEHC,2025-04-28,72,43.6,39.6,64.13,https://www.tradingview.com/chart/?symbol=GEHC,✅ 유지
US,HVT,2025-04-28,72,59.2,44.7,27.28,https://www.tradingview.com/chart/?symbol=HVT,✅ 유지
US,HY,2025-04-28,72,48.1,33.2,33.54,https://www.tradingview.com/chart/?symbol=HY,✅ 유지
US,IR,2025-04-28,72,38.4,38.9,71.83,https://www.tradingview.com/chart/?symbol=IR,✅ 유지
US,JFR,2025-04-28,72,58.7,50.0,7.53,https://www.tradingview.com/chart/?symbol=JFR,✅ 유지
US,JQC,2025-04-28,72,54.3,52.8,4.69,https://www.tradingview.com/chart/?symbol=JQC,✅ 유지
US,KBH,2025-04-28,72,37.8,36.8,47.12,https://www.tradingview.com/chart/?symbol=KBH,✅ 유지
US,KTB,2025-04-28,72,41.3,41.4,66.36,https://www.tradingview.com/chart/?symbol=KTB,✅ 유지
US,LEN,2025-04-28,72,33.1,34.8,76.43,https://www.tradingview.com/chart/?symbol=LEN,✅ 유지
US,LEN-B,2025-04-28,72,33.8,35.0,74.71,https://www.tradingview.com/chart/?symbol=LEN-B,✅ 유지
US,LKFN,2025-04-28,72,48.6,44.0,59.7,https://www.tradingview.com/chart/?symbol=LKFN,✅ 유지
US,MBUU,2025-04-28,72,38.3,38.4,23.27,https://www.tradingview.com/chart/?symbol=MBUU,✅ 유지
US,MCN,2025-04-28,72,45.5,35.7,5.45,https://www.tradingview.com/chart/?symbol=MCN,✅ 유지
US,MED,2025-04-28,72,51.8,36.1,11.77,https://www.tradingview.com/chart/?symbol=MED,✅ 유지
US,MQY,2025-04-28,72,32.3,42.5,10.35,https://www.tradingview.com/chart/?symbol=MQY,✅ 유지
US,MTD,2025-04-28,72,56.8,40.2,1392.3199,https://www.tradingview.com/chart/?symbol=MTD,✅ 유지
US,NBHC,2025-04-28,72,47.0,39.1,40.97,https://www.tradingview.com/chart/?symbol=NBHC,✅ 유지
US,NOA,2025-04-28,72,42.0,37.9,12.7,https://www.tradingview.com/chart/?symbol=NOA,✅ 유지
US,NOG,2025-04-28,72,55.0,37.4,25.05,https://www.tradingview.com/chart/?symbol=NOG,✅ 유지
US,NVO,2025-04-28,72,44.7,39.2,43.24,https://www.tradingview.com/chart/?symbol=NVO,✅ 유지
US,NX,2025-04-28,72,53.0,37.9,20.09,https://www.tradingview.com/chart/?symbol=NX,✅ 유지
US,OFLX,2025-04-28,72,36.5,32.9,25.6,https://www.tradingview.com/chart/?symbol=OFLX,✅ 유지
US,OMC,2025-04-28,72,47.4,40.0,76.57,https://www.tradingview.com/chart/?symbol=OMC,✅ 유지
US,PCQ,2025-04-28,72,36.8,44.8,8.24,https://www.tradingview.com/chart/?symbol=PCQ,✅ 유지
US,PFE,2025-04-28,72,61.6,44.4,27.66,https://www.tradingview.com/chart/?symbol=PFE,✅ 유지
US,RMM,2025-04-28,72,38.4,42.3,13.42,https://www.tradingview.com/chart/?symbol=RMM,✅ 유지
US,RPM,2025-04-28,72,41.2,41.6,98.37,https://www.tradingview.com/chart/?symbol=RPM,✅ 유지
US,SKIN,2025-04-28,72,41.6,40.2,0.675,https://www.tradingview.com/chart/?symbol=SKIN,✅ 유지
US,SMHB,2025-04-28,72,41.2,41.0,3.51,https://www.tradingview.com/chart/?symbol=SMHB,✅ 유지
US,TFIN,2025-04-28,72,40.0,33.9,63.02,https://www.tradingview.com/chart/?symbol=TFIN,✅ 유지
US,THO,2025-04-28,72,34.9,35.3,67.77,https://www.tradingview.com/chart/?symbol=THO,✅ 유지
US,UPBD,2025-04-28,72,41.4,43.3,17.13,https://www.tradingview.com/chart/?symbol=UPBD,✅ 유지
US,VLTO,2025-04-28,72,52.2,45.4,94.49,https://www.tradingview.com/chart/?symbol=VLTO,✅ 유지
US,VTSI,2025-04-28,72,35.0,38.5,2.95,https://www.tradingview.com/chart/?symbol=VTSI,✅ 유지
US,WAL,2025-04-28,72,47.4,44.5,78.54,https://www.tradingview.com/chart/?symbol=WAL,✅ 유지
US,WSC,2025-04-28,72,34.2,41.0,18.17,https://www.tradingview.com/chart/?symbol=WSC,✅ 유지
US,RAIN,2025-04-23,73,39.1,38.8,1.02,https://www.tradingview.com/chart/?symbol=RAIN,✅ 유지
US,ALEC,2025-04-21,73,48.4,32.0,1.91,https://www.tradingview.com/chart/?symbol=ALEC,✅ 유지
US,ALKT,2025-04-21,73,51.5,40.4,19.13,https://www.tradingview.com/chart/?symbol=ALKT,✅ 유지
US,ALT,2025-04-21,73,50.4,39.5,3.25,https://www.tradingview.com/chart/?symbol=ALT,✅ 유지
US,ASG,2025-04-21,73,46.0,43.6,5.02,https://www.tradingview.com/chart/?symbol=ASG,✅ 유지
US,AYTU,2025-04-21,73,44.0,31.7,2.12,https://www.tradingview.com/chart/?symbol=AYTU,✅ 유지
US,BBY,2025-04-21,73,67.8,38.2,92.85,https://www.tradingview.com/chart/?symbol=BBY,✅ 유지
US,BGMS,2025-04-21,73,40.8,35.7,0.94,https://www.tradingview.com/chart/?symbol=BGMS,✅ 유지
US,BLCO,2025-04-21,73,52.2,39.4,16.85,https://www.tradingview.com/chart/?symbol=BLCO,✅ 유지
US,BRKR,2025-04-21,73,58.8,32.6,61.34,https://www.tradingview.com/chart/?symbol=BRKR,✅ 유지
US,CAL,2025-04-21,73,46.1,31.0,11.74,https://www.tradingview.com/chart/?symbol=CAL,✅ 유지
US,CDW,2025-04-21,73,55.6,37.1,146.19,https://www.tradingview.com/chart/?symbol=CDW,✅ 유지
US,CE,2025-04-21,73,42.8,27.0,45.41,https://www.tradingview.com/chart/?symbol=CE,✅ 유지
US,CHGG,2025-04-21,73,40.8,28.6,0.7,https://www.tradingview.com/chart/?symbol=CHGG,✅ 유지
US,CKX,2025-04-21,73,53.6,40.3,11.26,https://www.tradingview.com/chart/?symbol=CKX,✅ 유지
US,CLF,2025-04-21,73,55.4,36.5,12.5,https://www.tradingview.com/chart/?symbol=CLF,✅ 유지
US,CREX,2025-04-21,73,36.9,38.7,2.64,https://www.tradingview.com/chart/?symbol=CREX,✅ 유지
US,CZR,2025-04-21,73,58.9,42.3,29.64,https://www.tradingview.com/chart/?symbol=CZR,✅ 유지
US,DBRG,2025-04-21,73,65.8,38.9,15.88,https://www.tradingview.com/chart/?symbol=DBRG,✅ 유지
US,DFIN,2025-04-21,73,51.9,37.6,47.81,https://www.tradingview.com/chart/?symbol=DFIN,✅ 유지
US,DNLI,2025-04-21,73,42.9,41.5,19.72,https://www.tradingview.com/chart/?symbol=DNLI,✅ 유지
US,EARN,2025-04-21,73,43.8,44.6,4.23,https://www.tradingview.com/chart/?symbol=EARN,✅ 유지
US,ELF,2025-04-21,73,58.2,31.2,96.44,https://www.tradingview.com/chart/?symbol=ELF,✅ 유지
US,ENOV,2025-04-21,73,35.3,37.6,18.04,https://www.tradingview.com/chart/?symbol=ENOV,✅ 유지
US,EOI,2025-04-21,73,53.7,46.9,19.64,https://www.tradingview.com/chart/?symbol=EOI,✅ 유지
US,ETN,2025-04-21,73,56.7,45.5,424.77,https://www.tradingview.com/chart/?symbol=ETN,✅ 유지
US,EU,2025-04-21,73,32.3,34.1,0.9,https://www.tradingview.com/chart/?symbol=EU,✅ 유지
US,EWBC,2025-04-21,73,52.8,46.5,126.92,https://www.tradingview.com/chart/?symbol=EWBC,✅ 유지
US,FIP,2025-04-21,73,33.7,36.0,3.0,https://www.tradingview.com/chart/?symbol=FIP,✅ 유지
US,GSBD,2025-04-21,73,57.1,39.9,9.7,https://www.tradingview.com/chart/?symbol=GSBD,✅ 유지
US,HYT,2025-04-21,73,37.5,52.9,8.0,https://www.tradingview.com/chart/?symbol=HYT,✅ 유지
US,LOB,2025-04-21,73,46.5,35.2,38.25,https://www.tradingview.com/chart/?symbol=LOB,✅ 유지
US,LRMR,2025-04-21,73,48.1,33.2,3.79,https://www.tradingview.com/chart/?symbol=LRMR,✅ 유지
US,LSPD,2025-04-21,73,43.5,38.3,9.41,https://www.tradingview.com/chart/?symbol=LSPD,✅ 유지
US,MFA,2025-04-21,73,35.4,45.3,8.36,https://www.tradingview.com/chart/?symbol=MFA,✅ 유지
US,MGR,2025-04-21,73,43.2,40.5,19.54,https://www.tradingview.com/chart/?symbol=MGR,✅ 유지
US,MRKR,2025-04-21,73,44.2,34.1,1.18,https://www.tradingview.com/chart/?symbol=MRKR,✅ 유지
US,NOVT,2025-04-21,73,43.7,34.0,133.14,https://www.tradingview.com/chart/?symbol=NOVT,✅ 유지
US,OLED,2025-04-21,73,37.3,37.5,78.3,https://www.tradingview.com/chart/?symbol=OLED,✅ 유지
US,OPAL,2025-04-21,73,41.6,31.1,1.87,https://www.tradingview.com/chart/?symbol=OPAL,✅ 유지
US,ORRF,2025-04-21,73,59.8,37.9,42.06,https://www.tradingview.com/chart/?symbol=ORRF,✅ 유지
US,OXM,2025-04-21,73,36.4,33.7,28.47,https://www.tradingview.com/chart/?symbol=OXM,✅ 유지
US,RARE,2025-04-21,73,31.5,43.0,14.51,https://www.tradingview.com/chart/?symbol=RARE,✅ 유지
US,RWTO,2025-04-21,73,42.8,52.5,23.92,https://www.tradingview.com/chart/?symbol=RWTO,✅ 유지
US,SHAK,2025-04-21,73,37.3,41.3,54.88,https://www.tradingview.com/chart/?symbol=SHAK,✅ 유지
US,SHFS,2025-04-21,73,30.9,37.6,0.163,https://www.tradingview.com/chart/?symbol=SHFS,✅ 유지
US,SNPS,2025-04-21,73,42.3,44.0,384.97,https://www.tradingview.com/chart/?symbol=SNPS,✅ 유지
US,SREA,2025-04-21,73,32.1,38.9,19.55,https://www.tradingview.com/chart/?symbol=SREA,✅ 유지
US,SRI,2025-04-21,73,49.2,29.2,7.0,https://www.tradingview.com/chart/?symbol=SRI,✅ 유지
US,STLA,2025-04-21,73,31.5,34.8,4.82,https://www.tradingview.com/chart/?symbol=STLA,✅ 유지
US,SUNS,2025-04-21,73,36.1,43.2,7.31,https://www.tradingview.com/chart/?symbol=SUNS,✅ 유지
US,TXT,2025-04-21,73,39.1,39.4,79.69,https://www.tradingview.com/chart/?symbol=TXT,✅ 유지
US,VYGR,2025-04-21,73,41.0,34.3,3.09,https://www.tradingview.com/chart/?symbol=VYGR,✅ 유지
US,XRAY,2025-04-21,73,38.8,29.2,9.54,https://www.tradingview.com/chart/?symbol=XRAY,✅ 유지
US,YAAS,2025-04-21,73,37.7,38.4,1.33,https://www.tradingview.com/chart/?symbol=YAAS,✅ 유지
US,ALGN,2025-04-14,74,38.6,37.2,147.61,https://www.tradingview.com/chart/?symbol=ALGN,✅ 유지
US,BLMN,2025-04-14,74,47.6,32.1,8.07,https://www.tradingview.com/chart/?symbol=BLMN,✅ 유지
US,CGC,2025-04-14,74,42.8,30.1,0.934,https://www.tradingview.com/chart/?symbol=CGC,✅ 유지
US,CLDX,2025-04-14,74,57.0,35.3,38.24,https://www.tradingview.com/chart/?symbol=CLDX,✅ 유지
US,CNCK,2025-04-14,74,44.5,37.3,1.95,https://www.tradingview.com/chart/?symbol=CNCK,✅ 유지
US,EDVA,2025-04-14,74,30.8,41.7,0.246,https://www.tradingview.com/chart/?symbol=EDVA,✅ 유지
US,HOWL,2025-04-14,74,64.3,35.5,0.965,https://www.tradingview.com/chart/?symbol=HOWL,✅ 유지
US,INO,2025-04-14,74,49.4,31.1,1.24,https://www.tradingview.com/chart/?symbol=INO,✅ 유지
US,ONT,2025-04-14,74,46.2,37.6,18.11,https://www.tradingview.com/chart/?symbol=ONT,✅ 유지
US,PLAY,2025-04-14,74,31.0,38.5,6.73,https://www.tradingview.com/chart/?symbol=PLAY,✅ 유지
US,CDT,2025-04-07,75,27.0,28.0,0.174,https://www.tradingview.com/chart/?symbol=CDT,✅ 유지
US,DNA,2025-04-07,75,49.1,43.8,7.88,https://www.tradingview.com/chart/?symbol=DNA,✅ 유지
US,EXPO,2025-04-07,75,55.4,37.5,68.3,https://www.tradingview.com/chart/?symbol=EXPO,✅ 유지
US,FCN,2025-04-07,75,37.2,33.7,141.18,https://www.tradingview.com/chart/?symbol=FCN,✅ 유지
US,FEAM,2025-04-07,75,62.0,33.3,2.5,https://www.tradingview.com/chart/?symbol=FEAM,✅ 유지
US,MKTW,2025-04-07,75,53.6,53.1,18.26,https://www.tradingview.com/chart/?symbol=MKTW,✅ 유지
US,PVH,2025-04-07,75,45.1,30.1,73.35,https://www.tradingview.com/chart/?symbol=PVH,✅ 유지
US,SBC,2025-04-07,75,68.9,39.7,4.75,https://www.tradingview.com/chart/?symbol=SBC,✅ 유지
US,TTEK,2025-04-07,75,59.5,31.7,35.69,https://www.tradingview.com/chart/?symbol=TTEK,✅ 유지
US,ADUS,2025-03-31,76,60.1,39.3,117.07,https://www.tradingview.com/chart/?symbol=ADUS,✅ 유지
US,CNR,2025-03-24,77,50.9,37.9,91.08,https://www.tradingview.com/chart/?symbol=CNR,✅ 유지
US,EDUC,2025-03-24,77,40.5,36.4,1.31,https://www.tradingview.com/chart/?symbol=EDUC,✅ 유지
US,IMTE,2025-03-24,77,47.3,57.3,0.512,https://www.tradingview.com/chart/?symbol=IMTE,✅ 유지
US,LW,2025-03-24,77,46.9,35.8,46.67,https://www.tradingview.com/chart/?symbol=LW,✅ 유지
US,NKTX,2025-03-24,77,53.2,38.4,2.83,https://www.tradingview.com/chart/?symbol=NKTX,✅ 유지
US,PLTK,2025-03-24,77,35.3,38.2,2.21,https://www.tradingview.com/chart/?symbol=PLTK,✅ 유지
US,TRSG,2025-03-24,77,56.3,43.3,1.519,https://www.tradingview.com/chart/?symbol=TRSG,✅ 유지
US,GRWG,2025-03-17,78,52.6,38.8,1.57,https://www.tradingview.com/chart/?symbol=GRWG,✅ 유지
US,SIG,2025-03-17,78,59.4,38.7,100.38,https://www.tradingview.com/chart/?symbol=SIG,✅ 유지
US,PERI,2025-03-10,79,41.0,45.9,8.66,https://www.tradingview.com/chart/?symbol=PERI,✅ 유지
US,CMTG,2025-03-03,80,30.7,32.4,1.43,https://www.tradingview.com/chart/?symbol=CMTG,✅ 유지
US,AERT,2025-02-24,81,60.0,32.2,7.08,https://www.tradingview.com/chart/?symbol=AERT,✅ 유지
US,CCI,2025-02-17,82,37.9,43.7,73.06,https://www.tradingview.com/chart/?symbol=CCI,✅ 유지
US,FNGD,2025-02-17,82,36.2,35.6,26.18,https://www.tradingview.com/chart/?symbol=FNGD,✅ 유지
US,BCE,2025-02-10,83,44.1,36.3,22.06,https://www.tradingview.com/chart/?symbol=BCE,✅ 유지
US,EDIT,2025-02-10,83,48.1,29.6,2.7,https://www.tradingview.com/chart/?symbol=EDIT,✅ 유지
US,MGX,2025-02-10,83,32.0,43.3,1.1,https://www.tradingview.com/chart/?symbol=MGX,✅ 유지
US,NIVF,2025-02-10,83,32.4,64.8,0.719,https://www.tradingview.com/chart/?symbol=NIVF,✅ 유지
US,CRNC,2025-02-03,84,40.2,62.8,7.73,https://www.tradingview.com/chart/?symbol=CRNC,✅ 유지
US,MDLZ,2025-02-03,84,50.3,34.8,60.85,https://www.tradingview.com/chart/?symbol=MDLZ,✅ 유지
US,QSR,2025-02-03,84,47.6,43.1,72.88,https://www.tradingview.com/chart/?symbol=QSR,✅ 유지
US,SAFE,2025-02-03,84,36.0,38.7,13.14,https://www.tradingview.com/chart/?symbol=SAFE,✅ 유지
US,CWT,2025-01-27,85,49.3,42.0,47.38,https://www.tradingview.com/chart/?symbol=CWT,✅ 유지
US,FOXX,2025-01-27,85,39.5,44.6,2.35,https://www.tradingview.com/chart/?symbol=FOXX,✅ 유지
US,NEXM,2025-01-20,86,40.2,36.1,2.23,https://www.tradingview.com/chart/?symbol=NEXM,✅ 유지
US,SID,2025-01-20,86,46.9,34.9,1.1,https://www.tradingview.com/chart/?symbol=SID,✅ 유지
US,LND,2025-01-13,87,41.8,36.7,3.57,https://www.tradingview.com/chart/?symbol=LND,✅ 유지
US,PAGS,2025-01-13,87,51.5,32.5,9.26,https://www.tradingview.com/chart/?symbol=PAGS,✅ 유지
US,SARO,2025-01-13,87,35.2,25.6,22.3,https://www.tradingview.com/chart/?symbol=SARO,✅ 유지
US,XP,2025-01-13,87,62.1,31.8,20.01,https://www.tradingview.com/chart/?symbol=XP,✅ 유지
US,BOOM,2025-01-06,88,45.1,31.6,6.16,https://www.tradingview.com/chart/?symbol=BOOM,✅ 유지
US,ATNM,2024-12-30,89,54.3,33.3,1.22,https://www.tradingview.com/chart/?symbol=ATNM,✅ 유지
US,BDMD,2024-12-30,89,39.5,51.8,1.05,https://www.tradingview.com/chart/?symbol=BDMD,✅ 유지
US,KNDI,2024-12-30,89,32.3,32.2,0.52,https://www.tradingview.com/chart/?symbol=KNDI,✅ 유지
US,NXH,2024-12-30,89,31.6,33.0,3.47,https://www.tradingview.com/chart/?symbol=NXH,✅ 유지
US,OLOX,2024-12-30,89,32.6,32.5,1.03,https://www.tradingview.com/chart/?symbol=OLOX,✅ 유지
US,PAL,2024-12-30,89,34.0,35.7,4.01,https://www.tradingview.com/chart/?symbol=PAL,✅ 유지
US,YHGJ,2024-12-30,89,43.6,42.1,2.85,https://www.tradingview.com/chart/?symbol=YHGJ,✅ 유지
US,TTEC,2024-12-23,90,33.1,40.8,1.22,https://www.tradingview.com/chart/?symbol=TTEC,✅ 유지
US,ABLV,2024-12-16,91,49.4,34.3,0.9,https://www.tradingview.com/chart/?symbol=ABLV,✅ 유지
US,ACON,2024-12-16,91,33.0,28.8,2.52,https://www.tradingview.com/chart/?symbol=ACON,✅ 유지
US,TRAW,2024-12-16,91,35.4,31.4,0.49,https://www.tradingview.com/chart/?symbol=TRAW,✅ 유지
US,AVNW,2024-12-02,93,48.5,36.5,20.46,https://www.tradingview.com/chart/?symbol=AVNW,✅ 유지
US,CABA,2024-11-25,94,44.2,40.0,2.55,https://www.tradingview.com/chart/?symbol=CABA,✅ 유지
US,FULC,2024-11-25,94,35.3,39.6,3.76,https://www.tradingview.com/chart/?symbol=FULC,✅ 유지
US,CNXC,2024-11-18,95,50.0,35.3,27.87,https://www.tradingview.com/chart/?symbol=CNXC,✅ 유지
US,FENC,2024-11-18,95,54.2,45.8,10.62,https://www.tradingview.com/chart/?symbol=FENC,✅ 유지
US,GUTS,2024-11-18,95,41.0,32.3,0.6,https://www.tradingview.com/chart/?symbol=GUTS,✅ 유지
US,SMCI,2024-11-18,95,56.3,40.5,39.09,https://www.tradingview.com/chart/?symbol=SMCI,✅ 유지
US,BCG,2024-11-11,96,36.1,39.8,1.2,https://www.tradingview.com/chart/?symbol=BCG,✅ 유지
US,SCOR,2024-11-11,96,35.0,39.9,4.96,https://www.tradingview.com/chart/?symbol=SCOR,✅ 유지
US,AAP,2024-11-04,97,38.2,32.2,42.55,https://www.tradingview.com/chart/?symbol=AAP,✅ 유지
US,LVO,2024-11-04,97,32.6,38.9,3.09,https://www.tradingview.com/chart/?symbol=LVO,✅ 유지
US,NXTT,2024-11-04,97,34.6,29.8,5.36,https://www.tradingview.com/chart/?symbol=NXTT,✅ 유지
US,IMCR,2024-10-14,100,47.2,37.1,32.0,https://www.tradingview.com/chart/?symbol=IMCR,✅ 유지
US,LGVN,2024-10-14,100,32.2,40.4,2.49,https://www.tradingview.com/chart/?symbol=LGVN,✅ 유지
US,EW,2024-10-07,101,52.6,40.2,88.26,https://www.tradingview.com/chart/?symbol=EW,✅ 유지
US,MYND,2024-10-07,101,42.6,34.7,0.329,https://www.tradingview.com/chart/?symbol=MYND,✅ 유지
US,NCNA,2024-10-07,101,34.0,39.6,1.34,https://www.tradingview.com/chart/?symbol=NCNA,✅ 유지
US,STEM,2024-09-30,102,33.1,31.3,4.61,https://www.tradingview.com/chart/?symbol=STEM,✅ 유지
US,ATXG,2024-09-23,103,40.7,34.5,3.5,https://www.tradingview.com/chart/?symbol=ATXG,✅ 유지
US,FUFU,2024-09-23,103,40.1,46.2,1.37,https://www.tradingview.com/chart/?symbol=FUFU,✅ 유지
US,KRKR,2024-09-23,103,43.7,35.0,3.02,https://www.tradingview.com/chart/?symbol=KRKR,✅ 유지
US,PXLW,2024-09-23,103,52.2,33.0,6.74,https://www.tradingview.com/chart/?symbol=PXLW,✅ 유지
US,SMSI,2024-09-16,104,42.0,31.5,2.7,https://www.tradingview.com/chart/?symbol=SMSI,✅ 유지
US,TITN,2024-09-16,104,57.5,33.7,23.72,https://www.tradingview.com/chart/?symbol=TITN,✅ 유지
US,DLB,2024-09-09,105,48.1,40.6,57.65,https://www.tradingview.com/chart/?symbol=DLB,✅ 유지
US,PHIO,2024-09-09,105,43.5,35.6,1.03,https://www.tradingview.com/chart/?symbol=PHIO,✅ 유지
US,SSYS,2024-09-09,105,45.3,35.7,8.0,https://www.tradingview.com/chart/?symbol=SSYS,✅ 유지
US,UNCY,2024-09-09,105,37.7,36.0,4.8,https://www.tradingview.com/chart/?symbol=UNCY,✅ 유지
US,PCRX,2024-08-26,107,51.0,33.7,24.69,https://www.tradingview.com/chart/?symbol=PCRX,✅ 유지
US,BEEP,2024-08-19,108,59.8,43.4,2.88,https://www.tradingview.com/chart/?symbol=BEEP,✅ 유지
US,WALD,2024-08-19,108,41.0,33.0,1.16,https://www.tradingview.com/chart/?symbol=WALD,✅ 유지
US,BCDA,2024-08-12,109,54.0,35.7,1.17,https://www.tradingview.com/chart/?symbol=BCDA,✅ 유지
US,FLG,2024-08-12,109,39.9,43.0,12.55,https://www.tradingview.com/chart/?symbol=FLG,✅ 유지
US,HCTI,2024-08-12,109,32.9,31.8,0.775,https://www.tradingview.com/chart/?symbol=HCTI,✅ 유지
US,KRUS,2024-08-12,109,35.2,39.0,34.75,https://www.tradingview.com/chart/?symbol=KRUS,✅ 유지
US,LANV,2024-08-12,109,36.6,42.2,1.08,https://www.tradingview.com/chart/?symbol=LANV,✅ 유지
US,MWG,2024-08-12,109,43.3,46.0,1.33,https://www.tradingview.com/chart/?symbol=MWG,✅ 유지
US,PRTS,2024-08-12,109,59.0,29.3,8.52,https://www.tradingview.com/chart/?symbol=PRTS,✅ 유지
US,RGEN,2024-07-22,112,63.3,43.5,176.89,https://www.tradingview.com/chart/?symbol=RGEN,✅ 유지
US,SOLV,2024-07-15,113,60.3,29.3,88.84,https://www.tradingview.com/chart/?symbol=SOLV,✅ 유지
US,TAP,2024-07-15,113,37.9,38.6,37.53,https://www.tradingview.com/chart/?symbol=TAP,✅ 유지
US,ACCS,2024-07-08,114,37.6,27.1,5.23,https://www.tradingview.com/chart/?symbol=ACCS,✅ 유지
US,IFBD,2024-07-08,114,46.3,33.2,0.96,https://www.tradingview.com/chart/?symbol=IFBD,✅ 유지
US,TWI,2024-07-08,114,44.8,27.2,7.0,https://www.tradingview.com/chart/?symbol=TWI,✅ 유지
US,WY,2024-07-08,114,36.8,41.6,21.22,https://www.tradingview.com/chart/?symbol=WY,✅ 유지
US,NTIP,2024-06-24,116,61.7,40.6,1.56,https://www.tradingview.com/chart/?symbol=NTIP,✅ 유지
US,ECX,2024-06-17,117,41.9,36.3,1.02,https://www.tradingview.com/chart/?symbol=ECX,✅ 유지
US,KYNB,2024-05-20,121,45.9,41.8,7.075,https://www.tradingview.com/chart/?symbol=KYNB,✅ 유지
US,CATO,2024-05-13,122,35.8,40.0,2.51,https://www.tradingview.com/chart/?symbol=CATO,✅ 유지
US,GWAV,2024-05-13,122,37.0,35.7,2.45,https://www.tradingview.com/chart/?symbol=GWAV,✅ 유지
US,CIRC,2024-05-06,123,34.4,46.1,0.457,https://www.tradingview.com/chart/?symbol=CIRC,✅ 유지
US,LCFY,2024-05-06,123,38.6,35.8,2.35,https://www.tradingview.com/chart/?symbol=LCFY,✅ 유지
US,MNSB,2024-05-06,123,56.7,36.0,24.67,https://www.tradingview.com/chart/?symbol=MNSB,✅ 유지
US,WOOF,2024-05-06,123,39.2,29.3,2.36,https://www.tradingview.com/chart/?symbol=WOOF,✅ 유지
US,MSEX,2024-04-22,125,50.6,33.1,55.32,https://www.tradingview.com/chart/?symbol=MSEX,✅ 유지
US,RENT,2024-04-08,127,30.6,59.2,1.86,https://www.tradingview.com/chart/?symbol=RENT,✅ 유지
US,CCM,2024-03-25,129,43.2,30.2,3.89,https://www.tradingview.com/chart/?symbol=CCM,✅ 유지
US,CCSI,2024-03-25,129,53.0,37.2,34.93,https://www.tradingview.com/chart/?symbol=CCSI,✅ 유지
US,INGN,2024-03-18,130,31.3,49.3,5.14,https://www.tradingview.com/chart/?symbol=INGN,✅ 유지
US,SGLY,2024-03-11,131,32.6,43.9,1.14,https://www.tradingview.com/chart/?symbol=SGLY,✅ 유지
US,AISP,2024-03-04,132,40.4,55.4,1.92,https://www.tradingview.com/chart/?symbol=AISP,✅ 유지
US,ARTNA,2024-03-04,132,54.9,38.2,34.44,https://www.tradingview.com/chart/?symbol=ARTNA,✅ 유지
US,ERII,2024-02-26,133,30.1,39.8,6.99,https://www.tradingview.com/chart/?symbol=ERII,✅ 유지
US,XLO,2024-02-26,133,54.2,34.7,9.13,https://www.tradingview.com/chart/?symbol=XLO,✅ 유지
US,GXAI,2024-02-12,135,31.7,54.6,0.6,https://www.tradingview.com/chart/?symbol=GXAI,✅ 유지
US,RGNX,2024-02-05,136,43.7,47.4,8.03,https://www.tradingview.com/chart/?symbol=RGNX,✅ 유지
US,ATRA,2024-01-08,140,53.5,39.9,9.69,https://www.tradingview.com/chart/?symbol=ATRA,✅ 유지
US,GFR,2024-01-01,141,57.3,29.8,6.66,https://www.tradingview.com/chart/?symbol=GFR,✅ 유지
US,XPOF,2023-12-25,142,33.3,38.2,3.65,https://www.tradingview.com/chart/?symbol=XPOF,✅ 유지
US,ARBB,2023-12-18,143,48.8,26.8,4.625,https://www.tradingview.com/chart/?symbol=ARBB,✅ 유지
US,LGO,2023-12-18,143,37.5,39.5,0.65,https://www.tradingview.com/chart/?symbol=LGO,✅ 유지
US,PW,2023-12-18,143,39.9,29.7,6.93,https://www.tradingview.com/chart/?symbol=PW,✅ 유지
US,CNH,2023-11-27,146,62.3,41.4,13.45,https://www.tradingview.com/chart/?symbol=CNH,✅ 유지
US,DRIO,2023-11-27,146,44.3,32.1,7.2,https://www.tradingview.com/chart/?symbol=DRIO,✅ 유지
US,INMD,2023-11-20,147,46.4,36.8,14.35,https://www.tradingview.com/chart/?symbol=INMD,✅ 유지
US,SEER,2023-11-20,147,46.9,33.6,1.86,https://www.tradingview.com/chart/?symbol=SEER,✅ 유지
US,STKS,2023-11-20,147,41.1,32.3,1.65,https://www.tradingview.com/chart/?symbol=STKS,✅ 유지
US,TV,2023-11-20,147,35.2,29.2,2.35,https://www.tradingview.com/chart/?symbol=TV,✅ 유지
US,CPK,2023-11-13,148,54.6,37.0,131.38,https://www.tradingview.com/chart/?symbol=CPK,✅ 유지
US,DRVN,2023-11-13,148,43.8,30.4,12.28,https://www.tradingview.com/chart/?symbol=DRVN,✅ 유지
US,HSIC,2023-11-13,148,53.7,40.7,84.84,https://www.tradingview.com/chart/?symbol=HSIC,✅ 유지
US,JBLU,2023-11-13,148,41.2,32.5,4.37,https://www.tradingview.com/chart/?symbol=JBLU,✅ 유지
US,MIRA,2023-11-13,148,41.9,39.4,0.832,https://www.tradingview.com/chart/?symbol=MIRA,✅ 유지
US,MKC-V,2023-11-13,148,43.4,37.2,49.32,https://www.tradingview.com/chart/?symbol=MKC-V,✅ 유지
US,OTLY,2023-11-13,148,52.1,38.5,12.51,https://www.tradingview.com/chart/?symbol=OTLY,✅ 유지
US,RJET,2023-11-13,148,46.2,33.3,17.68,https://www.tradingview.com/chart/?symbol=RJET,✅ 유지
US,ALTG,2023-11-06,149,46.8,42.3,6.08,https://www.tradingview.com/chart/?symbol=ALTG,✅ 유지
US,FLL,2023-11-06,149,37.4,43.2,1.9,https://www.tradingview.com/chart/?symbol=FLL,✅ 유지
US,INBS,2023-11-06,149,39.1,32.6,1.95,https://www.tradingview.com/chart/?symbol=INBS,✅ 유지
US,AQN,2023-10-30,150,39.3,35.7,5.35,https://www.tradingview.com/chart/?symbol=AQN,✅ 유지
US,BEAM,2023-10-30,150,44.2,45.0,24.95,https://www.tradingview.com/chart/?symbol=BEAM,✅ 유지
US,BOC,2023-10-30,150,50.8,33.6,13.52,https://www.tradingview.com/chart/?symbol=BOC,✅ 유지
US,ECBK,2023-10-30,150,64.8,37.7,20.92,https://www.tradingview.com/chart/?symbol=ECBK,✅ 유지
US,EIM,2023-10-30,150,34.1,40.6,9.03,https://www.tradingview.com/chart/?symbol=EIM,✅ 유지
US,ENO,2023-10-30,150,37.6,43.8,20.843,https://www.tradingview.com/chart/?symbol=ENO,✅ 유지
US,HRMY,2023-10-30,150,68.1,39.1,42.02,https://www.tradingview.com/chart/?symbol=HRMY,✅ 유지
US,KHC,2023-10-30,150,52.4,44.3,24.43,https://www.tradingview.com/chart/?symbol=KHC,✅ 유지
US,OCFC,2023-10-30,150,43.7,42.3,17.87,https://www.tradingview.com/chart/?symbol=OCFC,✅ 유지
US,RGCO,2023-10-30,150,44.9,41.1,21.37,https://www.tradingview.com/chart/?symbol=RGCO,✅ 유지
US,RYN,2023-10-30,150,43.7,51.3,20.14,https://www.tradingview.com/chart/?symbol=RYN,✅ 유지
US,WTRG,2023-10-30,150,60.9,42.5,41.04,https://www.tradingview.com/chart/?symbol=WTRG,✅ 유지
US,XFOR,2023-10-30,150,43.6,39.8,3.58,https://www.tradingview.com/chart/?symbol=XFOR,✅ 유지
US,YORW,2023-10-30,150,55.6,41.5,32.69,https://www.tradingview.com/chart/?symbol=YORW,✅ 유지
US,ZBH,2023-10-30,150,53.2,36.7,95.36,https://www.tradingview.com/chart/?symbol=ZBH,✅ 유지
US,EDTK,2023-10-23,151,54.7,40.0,1.01,https://www.tradingview.com/chart/?symbol=EDTK,✅ 유지
US,MCHX,2023-10-16,152,33.7,42.9,1.26,https://www.tradingview.com/chart/?symbol=MCHX,✅ 유지
US,SBAC,2023-10-09,153,42.8,35.9,178.59,https://www.tradingview.com/chart/?symbol=SBAC,✅ 유지
US,KPRX,2023-09-18,156,59.7,30.8,2.76,https://www.tradingview.com/chart/?symbol=KPRX,✅ 유지
US,OGI,2023-08-14,161,42.7,37.1,1.05,https://www.tradingview.com/chart/?symbol=OGI,✅ 유지
US,SBSI,2023-07-10,166,45.8,36.1,31.45,https://www.tradingview.com/chart/?symbol=SBSI,✅ 유지
US,PLCE,2023-06-19,169,34.7,35.2,2.04,https://www.tradingview.com/chart/?symbol=PLCE,✅ 유지
US,VABK,2023-06-05,171,59.8,37.6,47.07,https://www.tradingview.com/chart/?symbol=VABK,✅ 유지
US,LNZA,2023-05-29,172,38.6,26.7,5.72,https://www.tradingview.com/chart/?symbol=LNZA,✅ 유지
US,SBCF,2023-05-22,173,54.9,31.7,33.7,https://www.tradingview.com/chart/?symbol=SBCF,✅ 유지
US,ACB,2023-05-15,174,57.7,37.0,3.87,https://www.tradingview.com/chart/?symbol=ACB,✅ 유지
US,MLGO,2023-05-08,175,39.5,31.5,3.41,https://www.tradingview.com/chart/?symbol=MLGO,✅ 유지
US,BRN,2023-04-03,180,44.7,57.8,0.99,https://www.tradingview.com/chart/?symbol=BRN,✅ 유지
US,GRNT,2023-03-27,181,50.5,29.4,4.9,https://www.tradingview.com/chart/?symbol=GRNT,✅ 유지
US,GROV,2023-03-20,182,42.6,30.7,1.04,https://www.tradingview.com/chart/?symbol=GROV,✅ 유지
US,ALTI,2023-02-27,185,44.1,54.1,3.23,https://www.tradingview.com/chart/?symbol=ALTI,✅ 유지
US,DYAI,2023-01-02,193,32.8,37.6,0.42,https://www.tradingview.com/chart/?symbol=DYAI,✅ 유지
US,KXIN,2023-01-02,193,37.2,35.2,1.45,https://www.tradingview.com/chart/?symbol=KXIN,✅ 유지
US,VIP,2023-01-02,193,55.2,31.3,1.93,https://www.tradingview.com/chart/?symbol=VIP,✅ 유지
US,GTN,2022-11-28,198,49.6,34.7,4.44,https://www.tradingview.com/chart/?symbol=GTN,✅ 유지
US,GTN-A,2022-11-28,198,33.0,38.4,5.1,https://www.tradingview.com/chart/?symbol=GTN-A,✅ 유지
US,GIGM,2022-11-14,200,43.2,35.4,1.38,https://www.tradingview.com/chart/?symbol=GIGM,✅ 유지
US,ACP,2022-11-07,201,34.5,33.0,4.5956,https://www.tradingview.com/chart/?symbol=ACP,✅ 유지
US,CPSS,2022-11-07,201,51.6,49.4,9.34,https://www.tradingview.com/chart/?symbol=CPSS,✅ 유지
US,MGRD,2022-11-07,201,40.5,45.3,14.51,https://www.tradingview.com/chart/?symbol=MGRD,✅ 유지
US,DTG,2022-10-24,203,41.8,34.8,15.945,https://www.tradingview.com/chart/?symbol=DTG,✅ 유지
US,EGHT,2022-10-24,203,45.0,34.3,1.77,https://www.tradingview.com/chart/?symbol=EGHT,✅ 유지
US,HAYW,2022-10-24,203,38.2,34.3,12.99,https://www.tradingview.com/chart/?symbol=HAYW,✅ 유지
US,LAB,2022-10-24,203,43.3,33.3,0.77,https://www.tradingview.com/chart/?symbol=LAB,✅ 유지
US,SFIX,2022-10-24,203,38.9,30.8,2.84,https://www.tradingview.com/chart/?symbol=SFIX,✅ 유지
US,FLWS,2022-10-17,204,31.7,30.2,2.48,https://www.tradingview.com/chart/?symbol=FLWS,✅ 유지
US,FAF,2022-07-04,219,50.3,37.0,69.59,https://www.tradingview.com/chart/?symbol=FAF,✅ 유지
US,EVCM,2022-06-20,221,40.7,38.4,7.77,https://www.tradingview.com/chart/?symbol=EVCM,✅ 유지
US,EVTC,2022-06-20,221,46.3,39.8,27.65,https://www.tradingview.com/chart/?symbol=EVTC,✅ 유지
US,SCYX,2022-06-20,221,42.1,33.3,4.46,https://www.tradingview.com/chart/?symbol=SCYX,✅ 유지
US,SITE,2022-06-20,221,34.8,36.4,90.47,https://www.tradingview.com/chart/?symbol=SITE,✅ 유지
US,RNAC,2022-05-30,224,48.1,27.7,8.03,https://www.tradingview.com/chart/?symbol=RNAC,✅ 유지
US,DTB,2022-05-23,225,31.1,38.2,15.6,https://www.tradingview.com/chart/?symbol=DTB,✅ 유지
US,MSN,2022-05-23,225,57.9,42.2,0.48,https://www.tradingview.com/chart/?symbol=MSN,✅ 유지
US,AEFC,2022-05-16,226,41.5,37.2,17.94,https://www.tradingview.com/chart/?symbol=AEFC,✅ 유지
US,BIPI,2022-05-16,226,53.5,16.6,16.222,https://www.tradingview.com/chart/?symbol=BIPI,✅ 유지
US,GJP,2022-04-25,229,55.5,45.9,24.47,https://www.tradingview.com/chart/?symbol=GJP,✅ 유지
US,XRTX,2022-03-21,234,40.7,36.7,1.92,https://www.tradingview.com/chart/?symbol=XRTX,✅ 유지
US,BRZE,2022-03-14,235,48.2,30.6,24.43,https://www.tradingview.com/chart/?symbol=BRZE,✅ 유지
US,PCOR,2022-03-14,235,46.8,40.1,51.27,https://www.tradingview.com/chart/?symbol=PCOR,✅ 유지
US,FBRT,2022-03-07,236,36.5,28.8,7.47,https://www.tradingview.com/chart/?symbol=FBRT,✅ 유지
US,JF,2022-01-10,244,53.6,44.6,1.02,https://www.tradingview.com/chart/?symbol=JF,✅ 유지
US,UTSI,2020-11-16,304,38.0,25.8,2.11,https://www.tradingview.com/chart/?symbol=UTSI,✅ 유지
US,AEMD,2026-09-14,0,44.0,44.0,6.31,https://www.tradingview.com/chart/?symbol=AEMD,🆕 신규
US,ALAR,2026-09-14,0,33.3,33.3,2.11,https://www.tradingview.com/chart/?symbol=ALAR,🆕 신규
US,ARAI,2026-09-14,0,27.8,27.8,0.241,https://www.tradingview.com/chart/?symbol=ARAI,🆕 신규
US,BGL,2026-09-14,0,30.6,30.6,0.23,https://www.tradingview.com/chart/?symbol=BGL,🆕 신규
US,CPOP,2026-09-14,0,67.1,67.1,4.11,https://www.tradingview.com/chart/?symbol=CPOP,🆕 신규
US,FAC,2026-09-14,0,40.6,40.6,6.25,https://www.tradingview.com/chart/?symbol=FAC,🆕 신규
US,HUBC,2026-09-14,0,26.5,26.5,4.6,https://www.tradingview.com/chart/?symbol=HUBC,🆕 신규
US,IMCC,2026-09-14,0,34.8,34.8,4.23,https://www.tradingview.com/chart/?symbol=IMCC,🆕 신규
US,IPDN,2026-09-14,0,83.9,83.9,3.38,https://www.tradingview.com/chart/?symbol=IPDN,🆕 신규
US,LMB,2026-09-14,0,36.5,36.5,51.74,https://www.tradingview.com/chart/?symbol=LMB,🆕 신규
US,LSTA,2026-09-14,0,37.7,37.7,1.7,https://www.tradingview.com/chart/?symbol=LSTA,🆕 신규
US,MBRX,2026-09-14,0,32.6,32.6,0.773,https://www.tradingview.com/chart/?symbol=MBRX,🆕 신규
US,PODD,2026-09-14,0,34.7,34.7,140.6,https://www.tradingview.com/chart/?symbol=PODD,🆕 신규
US,SITC,2026-09-14,0,28.4,28.4,2.95,https://www.tradingview.com/chart/?symbol=SITC,🆕 신규
US,SNWV,2026-09-14,0,26.3,26.3,4.55,https://www.tradingview.com/chart/?symbol=SNWV,🆕 신규
US,SPRU,2026-09-14,0,36.8,36.8,1.91,https://www.tradingview.com/chart/?symbol=SPRU,🆕 신규
US,TPST,2026-09-14,0,32.3,32.3,0.968,https://www.tradingview.com/chart/?symbol=TPST,🆕 신규
US,VEEA,2026-09-14,0,42.0,42.0,4.45,https://www.tradingview.com/chart/?symbol=VEEA,🆕 신규
US,YFOR,2026-09-14,0,29.7,29.7,1.6,https://www.tradingview.com/chart/?symbol=YFOR,🆕 신규
US,ONEN,2026-09-07,1,50.2,54.5,10.0,https://www.tradingview.com/chart/?symbol=ONEN,🆕 신규
US,BPRE,2026-08-03,6,37.1,39.0,11.91,https://www.tradingview.com/chart/?symbol=BPRE,🆕 신규
US,DRK,2026-04-13,22,55.4,30.6,3.09,https://www.tradingview.com/chart/?symbol=DRK,🆕 신규
US,HUCK,2026-04-13,22,43.6,35.0,3.76,https://www.tradingview.com/chart/?symbol=HUCK,🆕 신규
US,WLTH,2026-03-30,24,49.2,32.3,10.1,https://www.tradingview.com/chart/?symbol=WLTH,🆕 신규
US,HOST,2025-05-26,68,46.4,30.5,8.09,https://www.tradingview.com/chart/?symbol=HOST,🆕 신규
